Cell id,Compactness,Eccentricity,Roundness,Convexity,Solidity,Sphericity
1.0,0.6661425970659357,0.7329842931937173,0.6661425970659357,1.0,0.9517490952955368,0.5426013671700637
2.0,0.6176766700813725,0.7371794871794872,0.6176766700813725,1.0,0.9659147869674185,0.5093153458362899
3.0,0.6044677052526107,0.733229329173167,0.6044677052526107,1.0,0.9617164493058477,0.625510943565695
4.0,0.5091857579683744,0.5582922824302134,0.5091857579683744,1.0,0.9270516717325228,0.38893320189075514
5.0,0.5937514348924242,0.9574468085106383,0.5937514348924242,1.0,0.9143258426966292,0.5782913460475956
6.0,0.34259258122245956,0.3526970954356846,0.3582221935830523,0.9779411764705882,0.8355426677713339,0.216579295374225
7.0,0.5719094892935019,0.5566600397614314,0.5719094892935019,1.0,0.9429097605893186,0.4574174999174925
8.0,0.6461642641348001,0.85,0.6461642641348001,1.0,0.9394594594594594,0.5193356752317952
9.0,0.5607398652168633,0.6006006006006006,0.5607398652168633,1.0,0.9626749611197511,0.48012981816311745
10.0,0.5025657434972329,0.5825242718446603,0.5251501793778494,0.9782608695652174,0.8884514435695539,0.2634155559226539
11.0,0.6061966620095531,0.8616780045351473,0.6061966620095531,1.0,0.9419642857142857,0.6067467288089438
12.0,0.5387441947271753,0.639853747714808,0.5387441947271753,1.0,0.911461908030199,0.4553208464047432
13.0,0.5171868224063995,0.562390158172232,0.5171868224063995,1.0,0.9361091170136396,0.3885143449429057
14.0,0.5675892743669705,0.6869009584664536,0.5675892743669705,1.0,0.9424326833797586,0.4694381579433043
15.0,0.6174191276340757,0.6712962962962963,0.6174191276340757,1.0,0.9582089552238806,0.5689563605463829
16.0,0.5357191176260372,0.6267806267806267,0.5357191176260372,1.0,0.9346804511278195,0.3922322702763681
17.0,0.6286747203612227,0.744466800804829,0.6286747203612227,1.0,0.9592391304347826,0.6075079011201667
18.0,0.5235227705503096,0.5187835420393561,0.5235227705503096,1.0,0.9566666666666667,0.40500265347435316
19.0,0.6175993492774221,0.7674418604651163,0.6175993492774221,1.0,0.9510556621880998,0.5738915714977677
20.0,0.6055761124131518,0.6832298136645962,0.6055761124131518,1.0,0.9687351965892942,0.5039264913791424
21.0,0.6004706179991571,0.9296482412060302,0.6004706179991571,1.0,0.9246231155778895,0.716199117892914
22.0,0.5238124893842573,0.4946236559139785,0.5238124893842573,1.0,0.9445086705202312,0.3709230278877947
23.0,0.5003597727021393,0.5714285714285714,0.5003597727021393,1.0,0.8950688073394495,0.37069156546936755
24.0,0.37470394425131187,0.6690561529271206,0.4145695655354432,0.9507042253521126,0.7810977590126664,0.3791204663328794
25.0,0.5556459639716415,0.8163265306122449,0.5556459639716415,1.0,0.933626159102001,0.5279095799378564
26.0,0.6751030509450289,0.8131868131868132,0.6751030509450289,1.0,0.9570446735395189,0.5401989879842586
27.0,0.6127722056429623,0.7692307692307693,0.6127722056429623,1.0,0.9536461277557943,0.49659473903941925
28.0,0.6108353655764593,0.6944444444444444,0.6023809987785985,1.006993006993007,0.9603864734299516,0.509779618928866
29.0,0.6155125646086511,0.7894736842105263,0.6155125646086511,1.0,0.9581993569131833,0.6201736729460423
30.0,0.6034100189792028,0.7596899224806202,0.6034100189792028,1.0,0.9421965317919075,0.5242702423887979
31.0,0.6066754903365749,0.9154929577464789,0.6066754903365749,1.0,0.9497751124437781,0.73348483283569
32.0,0.5918743117545531,0.7380607814761216,0.5918743117545531,1.0,0.9453812316715543,0.5248619428804064
33.0,0.6183238160518227,0.7486631016042781,0.6470792637001569,0.9775280898876404,0.9318589360430365,0.4815604349286679
34.0,0.6022291799615036,0.6355140186915887,0.6022291799615036,1.0,0.9564917127071824,0.5451842731386105
35.0,0.58202661542853,0.759493670886076,0.58202661542853,1.0,0.9311717861205916,0.4574669584784758
36.0,0.568217775500651,0.783132530120482,0.568217775500651,1.0,0.9102393617021277,0.44087410129236276
37.0,0.3973511180253204,0.6627218934911243,0.4500812332285785,0.9395973154362416,0.8266117162201942,0.3719924439802217
38.0,0.657455775305355,0.7558139534883721,0.657455775305355,1.0,0.9664429530201343,0.70185721503441
39.0,0.6401271131638478,0.76,0.6401271131638478,1.0,0.9531941808981658,0.6394115927840182
40.0,0.4935751533050127,0.45652173913043476,0.4935751533050127,1.0,0.918918918918919,0.2978879006693419
41.0,0.6078020072659436,0.8771929824561404,0.6078020072659436,1.0,0.9498997995991983,0.609298477917952
42.0,0.5158864798546996,0.5,0.5158864798546996,1.0,0.9294902334444973,0.3634386177416751
43.0,0.5855631277401094,0.5465288035450516,0.5855631277401094,1.0,0.9482596425211665,0.4540766091864998
44.0,0.550194002623561,0.6211180124223603,0.550194002623561,1.0,0.9154103852596315,0.5
45.0,0.576734355047904,0.6902985074626865,0.576734355047904,1.0,0.9489470325462668,0.5403164589623636
46.0,0.6053849043467532,0.7060755336617406,0.6053849043467532,1.0,0.9534883720930233,0.4869206048708966
47.0,0.475846567263734,0.5063291139240507,0.475846567263734,1.0,0.8996832101372756,0.2884441020371191
48.0,0.6617903399530689,0.7984031936127745,0.6617903399530689,1.0,0.9653035935563816,0.6346326659490946
49.0,0.617447967902769,0.5172413793103449,0.617447967902769,1.0,0.9536601746138348,0.4575232767924944
50.0,0.5336725410862698,0.9386973180076628,0.5336725410862698,1.0,0.8886915334517466,0.5245643766354129
51.0,0.6372546164881696,0.8083140877598153,0.6372546164881696,1.0,0.9564124056999161,0.6974858324629157
52.0,0.4943999780932897,0.46296296296296297,0.4943999780932897,1.0,0.925,0.30316953129541624
53.0,0.3589969818596564,0.7703081232492996,0.49726392593802937,0.8496732026143791,0.8388209470053308,0.3201423171073249
54.0,0.6702549141339335,0.783410138248848,0.6702549141339335,1.0,0.9744493392070485,0.5947103756280974
55.0,0.6358244134429482,0.794701986754967,0.6358244134429482,1.0,0.943502824858757,0.45942645152392086
56.0,0.5633726680214788,0.5339805825242718,0.5633726680214788,1.0,0.9354644149577804,0.4793012932694108
57.0,0.6108652381980153,0.5697445972495089,0.6108652381980153,1.0,0.9479166666666666,0.4561715527618233
58.0,0.5425955565723868,0.7647907647907648,0.5425955565723868,1.0,0.941944349020955,0.5706754752784556
59.0,0.6293217973514175,0.7,0.6293217973514175,1.0,0.957004160887656,0.6187184335382291
60.0,0.562228049765887,0.6607929515418502,0.562228049765887,1.0,0.9271523178807947,0.3847264488350301
61.0,0.6316019487910964,0.697211155378486,0.6316019487910964,1.0,0.9486301369863014,0.5847274602095807
62.0,0.5501151157079632,0.5679012345679012,0.5501151157079632,1.0,0.9353970390309556,0.3857207381057934
63.0,0.5265705353438755,0.5689655172413793,0.5265705353438755,1.0,0.9321692411014103,0.43927501928207435
64.0,0.5868954963900076,0.5683836589698047,0.5868954963900076,1.0,0.9619047619047619,0.4868205209861014
65.0,0.463963943405865,0.4376012965964343,0.463963943405865,1.0,0.9057971014492754,0.29832867780352595
66.0,0.5071428140794951,0.5286343612334802,0.5071428140794951,1.0,0.944759629740221,0.42240616270615045
67.0,0.48649937367497165,0.9547738693467337,0.48649937367497165,1.0,0.848,0.37259714626609786
68.0,0.5517897684990238,0.4982817869415807,0.5517897684990238,1.0,0.9672256097560976,0.4094264986581453
69.0,0.6613879270715354,0.8388520971302429,0.6613879270715354,1.0,0.9477786438035853,0.6057825328153826
70.0,0.35237730098858727,0.36,0.3860792089790234,0.9553571428571429,0.8370017846519928,0.2317137785453969
71.0,0.5876238879060726,0.7458563535911602,0.5876238879060726,1.0,0.9380053908355795,0.4174478824769032
72.0,0.5436277916861469,0.7775768535262206,0.5436277916861469,1.0,0.9199759326113117,0.46975247129118597
73.0,0.5263233483516416,0.6055646481178396,0.5263233483516416,1.0,0.9415137614678899,0.42544094772365293
74.0,0.4787319946956175,0.4380475594493116,0.4787319946956175,1.0,0.9473206176203451,0.34626740026249775
75.0,0.4456684837074784,0.43541364296081275,0.4728096943652638,0.970873786407767,0.8953004164187983,0.1949873998062792
76.0,0.4132785820833657,0.2748414376321353,0.42013786051013013,0.9918032786885246,0.9248937175247992,0.18553743394936528
77.0,0.5895394964002096,0.5973025048169557,0.5895394964002096,1.0,0.9501582278481012,0.42823018205775143
78.0,0.5927063428889185,0.6346483704974272,0.5927063428889185,1.0,0.9413315754779169,0.41522739926869984
79.0,0.5875447248780844,0.7923930269413629,0.5875447248780844,1.0,0.9102826710364604,0.5135037793306504
80.0,0.3833063866513749,0.3253012048192771,0.3833063866513749,1.0,0.8875855327468231,0.26953584668754665
81.0,0.6100961858918169,0.8108108108108109,0.6100961858918169,1.0,0.9461358313817331,0.6801264418969244
82.0,0.6459394131523596,0.8369098712446351,0.6459394131523596,1.0,0.9628836545324768,0.6910761223603025
83.0,0.566262379535938,0.9725158562367865,0.566262379535938,1.0,0.9119300437226733,0.6433127943320819
84.0,0.6015152600623314,0.6273764258555133,0.6015152600623314,1.0,0.9719424460431655,0.559491877933083
85.0,0.4966958960010118,0.4128440366972477,0.4966958960010118,1.0,0.9202898550724637,0.3246479478613568
86.0,0.6369188041993192,0.5737704918032788,0.6369188041993192,1.0,0.9560336763330215,0.46153846153846156
87.0,0.6201719610172692,0.6981981981981982,0.6201719610172692,1.0,0.9351211072664359,0.4543189341752971
88.0,0.5360723198369287,0.6282722513089005,0.5360723198369287,1.0,0.9166666666666666,0.45526361293755646
89.0,0.5115776912827876,0.5339805825242718,0.5115776912827876,1.0,0.8809218950064021,0.3155273714337534
90.0,0.4832119293535289,0.6550802139037434,0.4832119293535289,1.0,0.9117193523515805,0.29378212709294305
91.0,0.5053770070304436,0.5256241787122208,0.5098198604509752,0.9956331877729258,0.9114088159031979,0.3960258339123918
92.0,0.6743317564523547,0.8072916666666667,0.6743317564523547,1.0,0.9629248197734295,0.6525966234521723
93.0,0.5918635510304939,0.948905109489051,0.5918635510304939,1.0,0.9292845257903494,0.6195300052345263
94.0,0.5788220839621819,0.5863192182410424,0.5788220839621819,1.0,0.9576988155668359,0.5140463159397582
95.0,0.5978286972545475,0.7132018209408194,0.6093806755946178,0.9904761904761905,0.9471783295711061,0.4769877298096164
96.0,0.5253261728219712,0.5293276108726752,0.5253261728219712,1.0,0.942113648433351,0.348026722687467
97.0,0.5688941472535467,0.5307855626326964,0.5688941472535467,1.0,0.9234449760765551,0.33918173268560703
98.0,0.6489696900410801,0.7157057654075547,0.6489696900410801,1.0,0.9726890756302521,0.5924384850325434
99.0,0.6294290545697514,0.7954545454545455,0.6294290545697514,1.0,0.9548736462093863,0.6180796646955086
100.0,0.4664781636154944,0.544959128065395,0.4922693943145659,0.9734513274336283,0.8637813211845102,0.28477920519317373
101.0,0.44140562100602687,0.4559748427672956,0.44140562100602687,1.0,0.8944519621109608,0.21202388648538395
102.0,0.5976783060718359,0.6654343807763401,0.5976783060718359,1.0,0.9345057610673135,0.5405785799237572
103.0,0.5768781964623819,0.6214689265536723,0.5768781964623819,1.0,0.9342969776609724,0.4102144098748428
104.0,0.43262348833809444,0.4713375796178344,0.43262348833809444,1.0,0.8632999564649543,0.3251164600402041
105.0,0.36061518964663086,0.43269230769230765,0.4139715187269997,0.9333333333333333,0.7745279526101444,0.17362468184428775
106.0,0.5999115061286875,0.6439393939393939,0.5999115061286875,1.0,0.9311094996374184,0.46757750082264415
107.0,0.5878365883453124,0.6561085972850679,0.5878365883453124,1.0,0.9326923076923077,0.5311319678904435
108.0,0.5472334425523887,0.4713114754098361,0.5472334425523887,1.0,0.9626865671641791,0.3663716527236559
109.0,0.5229064135809788,0.7044410413476264,0.5424526409747807,0.9818181818181818,0.9129646418857661,0.43648116452872604
110.0,0.5244713546773274,0.7142857142857143,0.5458761645815139,0.9801980198019802,0.8865174388339406,0.4728432996524333
111.0,0.5066954060348208,0.40816326530612246,0.5066954060348208,1.0,0.9607692307692308,0.34872479171328263
112.0,0.6599075477581865,0.7407407407407407,0.6403558204577101,1.0151515151515151,0.9581151832460733,0.6269075692928594
113.0,0.5932682971799655,0.5523809523809524,0.5932682971799655,1.0,0.9273952095808383,0.43814368314120083
114.0,0.5723459205854751,0.6445993031358885,0.5723459205854751,1.0,0.9465930018416207,0.482106112650395
115.0,0.5757225524268496,0.6143344709897611,0.5757225524268496,1.0,0.9652862362971986,0.4574669584784758
116.0,0.5823694747319361,0.6197654941373534,0.5823694747319361,1.0,0.93359375,0.47359142756450107
117.0,0.48978201965974943,0.47904191616766467,0.48978201965974943,1.0,0.9555972482801751,0.40020741510338664
118.0,0.6069974725426263,0.6866952789699571,0.6069974725426263,1.0,0.9712793733681462,0.5302810606912027
119.0,0.6516395316056092,0.6756756756756757,0.6516395316056092,1.0,0.9591360186806772,0.5663521139548541
120.0,0.4587949093197777,0.48991354466858783,0.4587949093197777,1.0,0.8851244044467973,0.2569508491373468
121.0,0.6343317123780479,0.6981981981981982,0.6343317123780479,1.0,0.9590017825311943,0.565685424949238
122.0,0.6583712415067368,0.7489878542510122,0.6583712415067368,1.0,0.9673748103186647,0.5356715840055802
123.0,0.6356723877527453,0.8184143222506394,0.6356723877527453,1.0,0.966824644549763,0.6777837877554777
124.0,0.4396112249025102,0.5517241379310345,0.47955614607883706,0.9574468085106383,0.8831746031746032,0.38786915045683407
125.0,0.5042062283539175,0.5473684210526316,0.5042062283539175,1.0,0.8577319587628865,0.31514293343362576
126.0,0.4462085536730636,0.4103343465045593,0.4462085536730636,1.0,0.9486016628873771,0.3192077659391892
127.0,0.532235748370472,0.7368421052631579,0.5448326082973025,0.9883720930232558,0.8924501424501424,0.425205832509386
128.0,0.2554582261569555,0.2553191489361702,0.2554582261569555,1.0,0.8120950323974082,0.14792510968188685
129.0,0.5043864507125417,0.58,0.5043864507125417,1.0,0.9109090909090909,0.3904344047215152
130.0,0.6441961787742959,0.7582938388625592,0.6441961787742959,1.0,0.9779208831646734,0.6308233860042737
131.0,0.4331578249792079,0.6611570247933884,0.5011551306023121,0.9296875,0.8615560640732265,0.5339299961306674
132.0,0.4457960033625713,0.4746317512274959,0.4457960033625713,1.0,0.8733488733488733,0.36775243829734516
133.0,0.5179711765697077,0.8239700374531835,0.590164104095646,0.9368421052631579,0.8841354723707665,0.4762831485407526
134.0,0.6624757361621135,0.6962025316455697,0.6624757361621135,1.0,0.9590551181102362,0.5657465900491573
135.0,0.32669780017750744,0.3082502266545784,0.34377719401821294,0.9748427672955975,0.8316988294843404,0.1933395761174901
136.0,0.5125337127158327,0.5208333333333334,0.5480748547262152,0.967032967032967,0.9165535956580733,0.29731765849886654
137.0,0.5702339732115873,0.6060606060606061,0.5702339732115873,1.0,0.934981684981685,0.4304020232751518
138.0,0.4179815141598908,0.42397660818713445,0.4179815141598908,1.0,0.8473034437946718,0.14422205101855956
139.0,0.5545951108101442,0.6525285481239804,0.5545951108101442,1.0,0.9326221224031443,0.4779397409078746
140.0,0.5261911617593338,0.492845786963434,0.5261911617593338,1.0,0.9365293720459149,0.4314862944113929
141.0,0.37042795322275485,0.5671296296296295,0.42777868333855223,0.9305555555555556,0.7734894020879468,0.07973059773486539
142.0,0.6078029697600069,0.5737704918032788,0.6078029697600069,1.0,0.9355716878402904,0.48051193507052764
143.0,0.3411127658757162,0.46783625730994155,0.3732544942046391,0.9559748427672956,0.7605985037406484,0.25459408689469376
144.0,0.38386916151851613,0.4617253948967193,0.38386916151851613,1.0,0.8640167364016736,0.25520961647952684
145.0,0.597033477908951,0.6912442396313364,0.597033477908951,1.0,0.9382957884427032,0.48418987393882607
146.0,0.4857627124719745,0.7169117647058824,0.4857627124719745,1.0,0.9155363748458692,0.3880570000581328
147.0,0.49180195842929464,0.5384615384615384,0.504493100354574,0.9873417721518988,0.9021237303785781,0.33575600588927096
148.0,0.5507086258036763,0.7660738714090288,0.5507086258036763,1.0,0.920672268907563,0.5578717497799477
149.0,0.6315242375073359,0.6008583690987124,0.6315242375073359,1.0,0.9544573643410853,0.42930940980028104
150.0,0.5899911003441631,0.6451612903225806,0.5899911003441631,1.0,0.9528158295281582,0.5114677020756394
151.0,0.4809073870703953,0.5351681957186544,0.5001417968267644,0.9805825242718447,0.9098039215686274,0.3662180699658179
152.0,0.6413989384063895,0.640495867768595,0.6413989384063895,1.0,0.9764192139737992,0.4771053482657673
153.0,0.41972450869759825,0.44709388971684055,0.41972450869759825,1.0,0.8671241422333126,0.30451596070881
154.0,0.6762740434091439,0.900900900900901,0.6762740434091439,1.0,0.9697336561743342,0.7348034446274879
155.0,0.6210063400248335,0.8482142857142858,0.6210063400248335,1.0,0.9272151898734177,0.6189844605901729
156.0,0.556447590076072,0.7428571428571429,0.556447590076072,1.0,0.9257950530035336,0.4423917446834593
157.0,0.6008727269522203,0.7117437722419928,0.6008727269522203,1.0,0.9404096834264432,0.48893072560217543
158.0,0.49211161113374813,0.4564315352697096,0.49211161113374813,1.0,0.9186170212765957,0.30917347120042116
159.0,0.5789161166870289,0.6813186813186813,0.5789161166870289,1.0,0.9442307692307692,0.468187996428785
160.0,0.43795151494135054,0.4436450839328537,0.44487554224062786,0.9921875,0.8456127360236949,0.30624285083050456
161.0,0.6233059305769552,0.8888888888888888,0.6369297015075716,0.989247311827957,0.931090613130765,0.6316664418548654
162.0,0.619342551707702,0.6170212765957447,0.619342551707702,1.0,0.9461312438785504,0.51425947722658
163.0,0.5846307578789756,0.5350553505535055,0.5846307578789756,1.0,0.9667207792207793,0.42984769244654897
164.0,0.5629326106511444,0.9473684210526315,0.5725965133104343,0.9915254237288136,0.90007215007215,0.49980956007688554
165.0,0.6758837472733503,0.8776595744680851,0.6758837472733503,1.0,0.9505747126436782,0.6081923702116572
166.0,0.4827208339904493,0.45560747663551404,0.4827208339904493,1.0,0.9235474006116208,0.3364085785281301
167.0,0.5854125199397647,0.49896049896049893,0.5854125199397647,1.0,0.9226361031518625,0.37607306260792084
168.0,0.6662095906938085,0.7674418604651163,0.6662095906938085,1.0,0.9727024567788899,0.6260990336999411
169.0,0.34223806000720963,0.48721071863581,0.38744633878192203,0.9398496240601504,0.7571709233791748,0.10468478451804275
170.0,0.5335634581788893,0.7216494845360825,0.5335634581788893,1.0,0.9179220779220779,0.5930306849214693
171.0,0.6702064327658225,0.7084468664850135,0.6702064327658225,1.0,0.96,0.6103219123349723
172.0,0.3863130195548153,0.3544575725026853,0.39810815995903714,0.9850746268656716,0.8706624605678234,0.16717535181142917
173.0,0.509651124840662,0.45996592844974443,0.509651124840662,1.0,0.9596713965646004,0.3922322702763681
174.0,0.6469160037048701,0.6622516556291391,0.6469160037048701,1.0,0.9403379091869061,0.5034534204220421
175.0,0.597915136009447,0.7605177993527509,0.597915136009447,1.0,0.9536105032822757,0.5209148809232269
176.0,0.46500763988258836,0.6006006006006006,0.5103485208688725,0.9545454545454546,0.8310904872389792,0.14291548761875736
177.0,0.5676169105221223,0.7978723404255319,0.5676169105221223,1.0,0.9523809523809523,0.5253742471300923
178.0,0.5936494054402481,0.5882352941176471,0.5936494054402481,1.0,0.927070457354759,0.4091835684146547
179.0,0.6729334913238383,0.7974137931034483,0.6729334913238383,1.0,0.9628506444275967,0.6770533989701967
180.0,0.44826327468213734,0.4340836012861736,0.44826327468213734,1.0,0.8328055731475618,0.268691499588691
181.0,0.6911727518399758,0.9333333333333333,0.6911727518399758,1.0,0.9701726844583988,0.659253657263564
182.0,0.6423781274701352,0.7592190889370932,0.6423781274701352,1.0,0.9372236958443855,0.48976559735914893
183.0,0.43827889949891635,0.35802469135802467,0.43827889949891635,1.0,0.9280684104627767,0.2685689029394169
184.0,0.6563591924194213,0.8598726114649682,0.6563591924194213,1.0,0.9663608562691132,0.581943422477526
185.0,0.4666732616560893,0.641925777331996,0.5139025019761081,0.9529411764705882,0.9,0.39956366037902813
186.0,0.4790038322616274,0.4594594594594595,0.4790038322616274,1.0,0.9282164549972391,0.3191016181353978
187.0,0.5757830819083338,0.7507987220447284,0.570464098105554,1.0046511627906978,0.949350067234424,0.5663521139548541
188.0,0.5853132024384001,0.8029197080291971,0.5853132024384001,1.0,0.9542732716385411,0.6183469424008423
189.0,0.5929927253454642,0.6788079470198676,0.5929927253454642,1.0,0.9533011272141707,0.47977982371634076
190.0,0.5446430412564562,0.6634304207119741,0.5559306800113727,0.9897959183673469,0.911829134720701,0.4418628912547286
191.0,0.4982807278070231,0.5433186490455213,0.4982807278070231,1.0,0.9348155634158666,0.40621935491301864
192.0,0.5466471899827277,0.6015037593984962,0.5685109340777137,0.9805825242718447,0.9276381909547738,0.47796263019410723
193.0,0.6171739397404297,0.7086614173228346,0.6171739397404297,1.0,0.933588761174968,0.4796754064731912
194.0,0.695240031031114,0.8616187989556137,0.695240031031114,1.0,0.9639175257731959,0.6066467708382927
195.0,0.6320579790790322,0.8176100628930817,0.6320579790790322,1.0,0.9719495091164095,0.6660975955713535
196.0,0.640853356737038,0.7434944237918216,0.640853356737038,1.0,0.9554455445544554,0.6178182146920149
197.0,0.5977553342492807,0.6282722513089005,0.5977553342492807,1.0,0.9490616621983914,0.5
198.0,0.6314698196451706,0.7300884955752212,0.6493829686650594,0.9861111111111112,0.9353680430879713,0.44905778309921707
199.0,0.3725307172014071,0.4101326899879372,0.3725307172014071,1.0,0.8555078683834049,0.2289812927564879
200.0,0.5278262166930948,0.5128205128205128,0.5278262166930948,1.0,0.93425975414217,0.37025752138226325
201.0,0.590491190603306,0.8177570093457944,0.590491190603306,1.0,0.9127849355797819,0.41980665045039034
202.0,0.6184342681173784,0.9821428571428572,0.6184342681173784,1.0,0.93158953722334,0.5875335986455299
203.0,0.6391254068173806,0.7317073170731707,0.6391254068173806,1.0,0.9558080808080808,0.5479811001476057
204.0,0.5445593290407991,0.5759162303664922,0.5445593290407991,1.0,0.9384835479256081,0.4098669533028512
205.0,0.40435359835570533,0.33707865168539325,0.3926620660439311,1.0147783251231528,0.8419047619047619,0.21805570672028698
206.0,0.6263262404897606,0.7102803738317757,0.6263262404897606,1.0,0.9478643216080402,0.5584038502078208
207.0,0.4695881274879142,0.6960950764006791,0.4695881274879142,1.0,0.8419540229885057,0.3251813882712708
208.0,0.553661181489793,0.6441717791411042,0.553661181489793,1.0,0.923040380047506,0.45532084640474313
209.0,0.5032485716998739,0.6299212598425197,0.5032485716998739,1.0,0.8952299829642248,0.30971989379918796
210.0,0.6074323435304986,0.759753593429158,0.6074323435304986,1.0,0.9466950959488273,0.56871973457804
211.0,0.6293570737439387,0.7786259541984732,0.6293570737439387,1.0,0.9727126805778491,0.6718548123582125
212.0,0.5648255955985811,0.6846846846846847,0.5648255955985811,1.0,0.9278042959427207,0.5215182093397307
213.0,0.48214359981126,0.6131386861313869,0.48214359981126,1.0,0.8697892271662764,0.3248341752022258
214.0,0.36536018003615683,0.5271317829457365,0.520763796804972,0.8376068376068376,0.8227390180878553,0.09188458377475332
215.0,0.5740835060278868,0.6331168831168831,0.5740835060278868,1.0,0.9491255961844197,0.4816209743009517
216.0,0.6736764364857639,0.8488063660477453,0.6736764364857639,1.0,0.9597457627118644,0.6625891564490793
217.0,0.399516774089327,0.48672566371681414,0.4479011584946088,0.9444444444444444,0.8435700575815739,0.2210666126096299
218.0,0.6678793270964967,0.8823529411764706,0.6678793270964967,1.0,0.9706877113866967,0.7354519199392469
219.0,0.5694397503970873,0.5714285714285714,0.5694397503970873,1.0,0.9677627337201805,0.49608713941064975
220.0,0.3640529301984924,0.338785046728972,0.3640529301984924,1.0,0.8480620155038759,0.2021033083274624
221.0,0.535543372666635,0.49645390070921985,0.535543372666635,1.0,0.9706405693950177,0.4
222.0,0.41399576674487376,0.7213930348258706,0.4376479748032994,0.9726027397260274,0.8127893518518519,0.3362413195695433
223.0,0.5819248296828032,0.6226415094339622,0.5819248296828032,1.0,0.9375896700143472,0.4586894805900397
224.0,0.2899147842579402,0.43526785714285715,0.32574825159222165,0.9433962264150944,0.6888101564806614,0.09165059739772531
225.0,0.6548969784201764,0.8085106382978723,0.6548969784201764,1.0,0.9665676077265973,0.6620847108818944
226.0,0.5990308899913396,0.9591836734693877,0.5990308899913396,1.0,0.934319526627219,0.5872202195147035
227.0,0.571621148508202,0.6329113924050633,0.571621148508202,1.0,0.9445392491467577,0.4608885989624768
228.0,0.5622496656078619,0.5972434915773354,0.5622496656078619,1.0,0.9380352644836272,0.4282551688264323
229.0,0.6074470501127945,0.8085106382978723,0.6074470501127945,1.0,0.9413746630727763,0.6158363882154441
230.0,0.6402515342231938,0.6751054852320675,0.6402515342231938,1.0,0.9679098005203816,0.5914637364503729
231.0,0.5052403000764341,0.6259541984732825,0.5004851237028951,1.004739336492891,0.912799592044875,0.41926274578121053
232.0,0.48441791483924246,0.5091937765205091,0.48441791483924246,1.0,0.9115281501340483,0.36465687282188125
233.0,0.5479076827424193,0.6172839506172839,0.5479076827424193,1.0,0.9597560975609756,0.4868205209861014
234.0,0.6244489201556334,0.6473594548551959,0.6244489201556334,1.0,0.9637002341920374,0.4939986914540882
235.0,0.3962579171266188,0.45454545454545453,0.3962579171266188,1.0,0.841323606044815,0.25607375986579195
236.0,0.599526310802099,0.6306306306306306,0.599526310802099,1.0,0.9294685990338164,0.412310562561766
237.0,0.6439335474576949,0.8791208791208791,0.6439335474576949,1.0,0.9516483516483516,0.693600087284511
238.0,0.6487597604417724,0.7710280373831776,0.6487597604417724,1.0,0.961218836565097,0.6155247143313103
239.0,0.6799211373213446,0.7213114754098361,0.6799211373213446,1.0,0.9632183908045977,0.4616435357484827
240.0,0.5443388810147095,0.8870967741935484,0.5443388810147095,1.0,0.9113095238095238,0.6101846029222358
241.0,0.6085860468178272,0.8803611738148984,0.6085860468178272,1.0,0.9401244167962675,0.5762899372218113
242.0,0.428838517041266,0.3493975903614458,0.428838517041266,1.0,0.8973191704602934,0.2303550679503617
243.0,0.4926191813753995,0.5650459921156373,0.5182055819859561,0.975,0.8751937984496124,0.4194495252936657
244.0,0.6739482569407375,0.9459459459459459,0.6739482569407375,1.0,0.9717457114026236,0.7929226237552266
245.0,0.47410403053854283,0.4750593824228028,0.47410403053854283,1.0,0.9003436426116839,0.34549007977865903
246.0,0.5202340775840735,0.5375,0.5202340775840735,1.0,0.9235919653406853,0.43671689855618834
247.0,0.48077020234144807,0.5681818181818182,0.49271434850539503,0.9878048780487805,0.894005212858384,0.3474925209561025
248.0,0.49581598342369526,0.5547445255474452,0.49581598342369526,1.0,0.8913934426229508,0.41571777723618225
249.0,0.5383446321594698,0.7478005865102639,0.5383446321594698,1.0,0.9400590966652596,0.48100152584614936
250.0,0.35668230201629675,0.36750483558994196,0.3660069363243632,0.9871794871794872,0.8675039246467818,0.24641073941505556
251.0,0.6433192455195891,0.7660455486542443,0.6433192455195891,1.0,0.941783345615328,0.5590169943749475
252.0,0.4933691668402872,0.6259541984732825,0.5123431828711518,0.9813084112149533,0.9071644803229062,0.4229129058259507
253.0,0.5998347573254111,0.8793969849246231,0.5998347573254111,1.0,0.9421052631578948,0.6201736729460423
254.0,0.5381981743508034,0.9645669291338583,0.5500916975854606,0.9891304347826086,0.906816760475297,0.31043820977155473
255.0,0.5243111548848272,0.5063291139240507,0.5243111548848272,1.0,0.9269521410579346,0.4061779717649416
256.0,0.5462531304105562,0.5783582089552238,0.5462531304105562,1.0,0.9421245421245421,0.46422614453734773
257.0,0.39889293345936316,0.48148148148148145,0.4175158047315192,0.9774436090225563,0.8453142642077531,0.1368949942788826
258.0,0.572516308266652,0.588235294117647,0.5839093884135131,0.9901960784313726,0.9235265465172917,0.4335752754721837
259.0,0.5778690185936535,0.5954465849387041,0.5778690185936535,1.0,0.9381841596909208,0.4164965639175215
260.0,0.5779675718316433,0.6291390728476821,0.5779675718316433,1.0,0.9366883116883117,0.49973082097645305
261.0,0.3685465173779258,0.3455723542116631,0.3685465173779258,1.0,0.893710385177962,0.25630729731502827
262.0,0.4552203715009144,0.8382352941176471,0.5579933380259933,0.9032258064516129,0.8433005299015897,0.397499205002385
263.0,0.5865945631434546,0.6216696269982238,0.5865945631434546,1.0,0.9384517766497462,0.46071013590072335
264.0,0.5876504485405502,0.6397306397306397,0.5876504485405502,1.0,0.9243697478991597,0.49306684108909254
265.0,0.5306106900511613,0.6306306306306307,0.5306106900511613,1.0,0.9348607367475292,0.41151993755325084
266.0,0.681163221958898,0.6722689075630252,0.681163221958898,1.0,0.9123376623376623,0.3952847075210474
267.0,0.5626070877412411,0.6772334293948126,0.5626070877412411,1.0,0.9448584202682563,0.4996305873156571
268.0,0.5004497659134804,0.5038167938931297,0.520874202844956,0.9801980198019802,0.8987831858407079,0.31860644549992073
269.0,0.40048355187576523,0.6339712918660287,0.40048355187576523,1.0,0.8400409276944065,0.36501065777810354
270.0,0.5441339874767084,0.38817005545286504,0.5441339874767084,1.0,0.9515463917525773,0.3291235709683749
271.0,0.6276647133082625,0.7824427480916031,0.6276647133082625,1.0,0.965902738960313,0.655229950459275
272.0,0.6413632060961861,0.7551020408163265,0.6413632060961861,1.0,0.9640522875816994,0.6574953711868525
273.0,0.4809130797592065,0.5571428571428572,0.4809130797592065,1.0,0.9090909090909091,0.4040050601493656
274.0,0.6390218823122433,0.6126482213438735,0.6390218823122433,1.0,0.9640287769784173,0.4972144630058766
275.0,0.6453803090019173,0.734341252699784,0.6453803090019173,1.0,0.9643705463182898,0.5966266024510586
276.0,0.3253896640570777,0.5463182897862232,0.3394843489950603,0.9790209790209791,0.6721675658521105,0.1441843914426279
277.0,0.6343010557907126,0.8290155440414507,0.6343010557907126,1.0,0.9505747126436782,0.6188969373192407
278.0,0.6088050401793123,0.7116104868913858,0.6088050401793123,1.0,0.9641959798994975,0.5472704546154941
279.0,0.6003387211469245,0.7964601769911503,0.6003387211469245,1.0,0.9465944272445821,0.6302858668672515
280.0,0.6573107676089972,0.7692307692307693,0.6573107676089972,1.0,0.9727582292849035,0.588348405414552
281.0,0.5815088001794707,0.7880910683012259,0.5815088001794707,1.0,0.9405487804878049,0.5223242912861473
282.0,0.6718835850939109,0.8376963350785339,0.6718835850939109,1.0,0.9439655172413793,0.6335812324771531
283.0,0.6540097773073151,0.7708333333333334,0.6540097773073151,1.0,0.9528071602929211,0.5797116298389156
284.0,0.5612203172523988,0.6352087114337568,0.5612203172523988,1.0,0.9488524590163935,0.5792025366019814
285.0,0.5010203334075595,0.6756756756756757,0.5374465566272417,0.9655172413793104,0.9072335726118167,0.3609941025577121
286.0,0.6126803806200894,0.8045977011494253,0.6126803806200894,1.0,0.95640802092415,0.5890150893739515
287.0,0.561991868537532,0.5786618444846293,0.561991868537532,1.0,0.9154834347532116,0.4347775353567329
288.0,0.6428958196519267,0.7484407484407484,0.6428958196519267,1.0,0.9588850174216028,0.4790020572213455
289.0,0.6091628535242242,0.8797127468581687,0.6091628535242242,1.0,0.9369966840360019,0.6505114431081739
290.0,0.4807245933083107,0.6474820143884892,0.4807245933083107,1.0,0.8374772589448151,0.3443572376043003
291.0,0.33896578387840115,0.7755581668625148,0.4228353748633252,0.8953488372093024,0.7440559440559441,0.10052409147490614
292.0,0.5730378980833627,0.846286701208981,0.5730378980833627,1.0,0.9229004130335016,0.5797409637607478
293.0,0.6475133439951983,0.7603686635944701,0.6475133439951983,1.0,0.9523373052245646,0.6441566264008308
294.0,0.5237545158646875,0.6932773109243697,0.5502695882303372,0.975609756097561,0.8833727344365643,0.4191368221424547
295.0,0.5679775288200384,0.6386066763425253,0.5894087710639249,0.981651376146789,0.9396325459317585,0.5126145946300565
296.0,0.593411945678072,0.6260869565217392,0.593411945678072,1.0,0.9514925373134329,0.543368078541867
297.0,0.5679536270597884,0.5689655172413793,0.5679536270597884,1.0,0.9591426657736102,0.40567256575712196
298.0,0.6412812617623282,0.695067264573991,0.6412812617623282,1.0,0.953660797034291,0.5228713947165632
299.0,0.46151146035204327,0.44715447154471544,0.46151146035204327,1.0,0.8951533135509396,0.32316692291795485
300.0,0.43841939860774765,0.4553734061930783,0.43321565362002107,1.0059880239520957,0.8695263628239499,0.2707589773689651
301.0,0.5492066241447298,0.6282722513089005,0.5612107859437343,0.989247311827957,0.9174757281553398,0.41870180716054006
302.0,0.5387104900492098,0.5944055944055944,0.5387104900492098,1.0,0.9360580092287409,0.445896321370523
303.0,0.6308638025437837,0.6696428571428572,0.6308638025437837,1.0,0.961218836565097,0.5
304.0,0.5856125055832223,0.7964601769911503,0.5856125055832223,1.0,0.9162826420890937,0.44840563740698336
305.0,0.6565928646002668,0.9540636042402827,0.6565928646002668,1.0,0.9508644222020018,0.7586206896551724
306.0,0.5538896138560516,0.8453237410071942,0.6143811798781307,0.9494949494949495,0.9235702832709781,0.5210723495279931
307.0,0.5968569475309978,0.5584642233856894,0.5968569475309978,1.0,0.9460526315789474,0.4553361861115244
308.0,0.6249592870696559,0.6965174129353233,0.6249592870696559,1.0,0.9380252100840336,0.565685424949238
309.0,0.6603650761554104,0.84,0.6603650761554104,1.0,0.9657772621809745,0.7022468831767834
310.0,0.5612937564845669,0.62124248496994,0.5612937564845669,1.0,0.9251063829787234,0.42853726720446417
311.0,0.5800622107642548,0.5882352941176471,0.5800622107642548,1.0,0.9426633785450061,0.49243199569713797
312.0,0.5415787543649417,0.5537459283387622,0.5415787543649417,1.0,0.9412878787878788,0.35823412463817755
313.0,0.6611457195787114,0.8587257617728532,0.6611457195787114,1.0,0.9751131221719457,0.6666666666666666
314.0,0.5310655743530254,0.5533596837944664,0.5310655743530254,1.0,0.918189730200174,0.46836374656060265
315.0,0.5759968999642353,0.690423162583519,0.5759968999642353,1.0,0.9085972850678733,0.5485298130021853
316.0,0.597337727818292,0.8778625954198473,0.597337727818292,1.0,0.9201072386058982,0.6695340634119862
317.0,0.5663896176162757,0.5714285714285714,0.5663896176162757,1.0,0.9331329827197595,0.38600146977762545
318.0,0.6115920261078285,0.7258064516129032,0.6115920261078285,1.0,0.9356683345246605,0.5883484054145521
319.0,0.6471008068444175,0.9170305676855895,0.6471008068444175,1.0,0.9604715672676838,0.6910761223603025
320.0,0.3194551863775178,0.5302226935312832,0.3972315538905784,0.896774193548387,0.7684806542938031,0.1660645324417197
321.0,0.6497310508855061,0.8011049723756906,0.6497310508855061,1.0,0.9532374100719424,0.5883484054145521
322.0,0.6526911758937375,0.7203389830508474,0.6526911758937375,1.0,0.9663608562691132,0.5946427498927402
323.0,0.36187782413234226,0.3963011889035667,0.36187782413234226,1.0,0.8931980906921241,0.19711291988277524
324.0,0.6088050401793123,0.6618962432915921,0.6088050401793123,1.0,0.956386292834891,0.5439282932204211
325.0,0.544253559645569,0.5906313645621181,0.544253559645569,1.0,0.9427549194991055,0.4461441314051561
326.0,0.6204994556690241,0.8413461538461539,0.6204994556690241,1.0,0.9495726495726495,0.6708203932499369
327.0,0.4958770081811373,0.5921052631578947,0.4958770081811373,1.0,0.9007921539041871,0.3889150984017737
328.0,0.4696874942589184,0.8074534161490684,0.526570062767784,0.9444444444444444,0.8637660485021398,0.3515837184954831
329.0,0.44109512260180245,0.4881450488145049,0.43720026199616746,1.0044444444444445,0.9103483606557377,0.35459786374203417
330.0,0.5527239574909543,0.62,0.5527239574909543,1.0,0.929042904290429,0.29950940277884625
331.0,0.5763272718247575,0.6055900621118012,0.5763272718247575,1.0,0.925849639546859,0.4359286452893223
332.0,0.6620711790623117,0.7090464547677262,0.6620711790623117,1.0,0.9632738719832109,0.581688979580598
333.0,0.4951686497257835,0.5431754874651811,0.513506685739532,0.9819819819819819,0.8879743941472337,0.2660760420950957
334.0,0.5267149825658602,0.6601941747572816,0.5267149825658602,1.0,0.8967391304347826,0.2960217322754893
335.0,0.5575785022355192,0.5611510791366906,0.5575785022355192,1.0,0.9499766245909304,0.45113946681242295
336.0,0.6696266694156792,0.698529411764706,0.6696266694156792,1.0,0.9765377298668357,0.5755895140396069
337.0,0.6361048767192944,0.6437768240343348,0.6361048767192944,1.0,0.9659318637274549,0.4974336870755163
338.0,0.4683059756039881,0.379746835443038,0.4980324291335381,0.9696969696969697,0.9148403256105198,0.26399734224238225
339.0,0.4999834329470685,0.4634146341463415,0.51737286863518,0.9830508474576272,0.8432267884322678,0.20579830217101058
340.0,0.7347620678148966,0.9872611464968153,0.7347620678148966,1.0,0.9728958630527818,0.7316529130196308
341.0,0.6465801515304135,0.7345575959933223,0.6465801515304135,1.0,0.9482852476864453,0.5917004387275473
342.0,0.6855735920969915,0.9042553191489361,0.6855735920969915,1.0,0.9644351464435147,0.6231571816937094
343.0,0.6677128795203295,0.7853403141361257,0.6677128795203295,1.0,0.9670442842430484,0.6404001558014815
344.0,0.6056401421914545,0.8258928571428572,0.6056401421914545,1.0,0.9173354735152488,0.5826229838277955
345.0,0.6209809008177056,0.7425742574257426,0.6209809008177056,1.0,0.971307120085016,0.560435330627221
346.0,0.5344586020551524,0.5799648506151143,0.559028238203349,0.9777777777777777,0.9012426422498365,0.3833259389999639
347.0,0.5897816608339238,0.6837606837606838,0.5897816608339238,1.0,0.9295774647887324,0.413802944301184
348.0,0.6672619317148389,0.7731958762886598,0.6672619317148389,1.0,0.9634285714285714,0.5866096270122612
349.0,0.588684337685657,0.7575757575757576,0.588684337685657,1.0,0.9129005751848809,0.5367246915276144
350.0,0.6409309087490349,0.7317073170731707,0.6409309087490349,1.0,0.9433741973146527,0.6066758241067098
351.0,0.5732300719353128,0.8227848101265823,0.5732300719353128,1.0,0.9088937093275488,0.5553612096032234
352.0,0.6350491795294583,0.8232445520581114,0.6350491795294583,1.0,0.9470260223048327,0.6536449587517803
353.0,0.5596903347569507,0.694980694980695,0.5532755987891657,1.0057803468208093,0.9136394790952708,0.4164633650362829
354.0,0.5986515164067979,0.587248322147651,0.6258595136175601,0.978021978021978,0.9364985163204748,0.4058853497034384
355.0,0.6302808580744543,0.5914972273567467,0.6302808580744543,1.0,0.9656406585540444,0.4893936787898942
356.0,0.5201480726026806,0.5324459234608985,0.5201480726026806,1.0,0.9502322495023225,0.41344911529736156
357.0,0.6509115545419019,0.9163346613545816,0.6509115545419019,1.0,0.9686486486486486,0.7988354887823513
358.0,0.6104908077010477,0.796812749003984,0.6104908077010477,1.0,0.9480081026333559,0.6091259990828013
359.0,0.6163529328308481,0.5761316872427983,0.6163529328308481,1.0,0.9705593719332679,0.4847763440265157
360.0,0.3051744342984168,0.2949571836346337,0.3051744342984168,1.0,0.8643510054844606,0.19172877177364261
361.0,0.5716436770988352,0.7382550335570469,0.5716436770988352,1.0,0.9195100612423447,0.4144864624480204
362.0,0.4396922080206318,0.4963680387409201,0.46949356878647464,0.967741935483871,0.8841413311421529,0.2803404821067751
363.0,0.6153297925011537,0.6679035250463822,0.6005918892114614,1.0121951219512195,0.9353693181818182,0.515295877779472
364.0,0.6090842899816946,0.5405405405405406,0.6090842899816946,1.0,0.9634888438133874,0.43481317827315213
365.0,0.5347391750791137,0.6872852233676976,0.5347391750791137,1.0,0.8623853211009175,0.3094922302950865
366.0,0.5372527119234246,0.8045977011494253,0.5825711395735461,0.9603174603174603,0.9110738255033557,0.4704108529756127
367.0,0.5560532451601768,0.5133928571428572,0.5560532451601768,1.0,0.9379562043795621,0.36984285017591956
368.0,0.6337181430913161,0.8478260869565217,0.6337181430913161,1.0,0.9395924308588064,0.6841957772205881
369.0,0.5866245541425386,0.5672268907563025,0.5866245541425386,1.0,0.9593657086223984,0.4411698907260348
370.0,0.6097124949701775,0.9641255605381166,0.6097124949701775,1.0,0.9189003436426116,0.6412860540846376
371.0,0.5489634221670746,0.5949656750572082,0.5489634221670746,1.0,0.9078651685393259,0.4269783007531875
372.0,0.5974827779095372,0.6116207951070336,0.5974827779095372,1.0,0.9264413518886679,0.43980752259858696
373.0,0.5793031410328718,0.7056798623063684,0.5793031410328718,1.0,0.9288008565310493,0.5727913124694275
374.0,0.5337677569713931,0.7851239669421488,0.6008459477270187,0.9425287356321839,0.866576819407008,0.3711648840484904
375.0,0.5554025530790845,0.7707509881422925,0.6226658380540601,0.9444444444444444,0.8922118380062305,0.5011131739196049
376.0,0.41361205054658523,0.7303370786516854,0.5106321611686238,0.9,0.8801424050632911,0.2692307692307692
377.0,0.5275418500082741,0.6994328922495274,0.5275418500082741,1.0,0.876551724137931,0.39629153393148814
378.0,0.4260785036431157,0.4235294117647059,0.4260785036431157,1.0,0.8861161524500908,0.2629193343331449
379.0,0.6199554947188192,0.6926406926406926,0.6199554947188192,1.0,0.9596622889305816,0.5886417436216461
380.0,0.629435541439235,0.8501118568232662,0.629435541439235,1.0,0.9291014014839242,0.49413072213388326
381.0,0.6749515466696822,0.7692307692307693,0.6749515466696822,1.0,0.9287054409005628,0.5494422557947561
382.0,0.6773942976142725,0.7125890736342042,0.6773942976142725,1.0,0.9589473684210527,0.5688545557679726
383.0,0.600785553131867,0.7246376811594203,0.600785553131867,1.0,0.9451428571428572,0.5637804632638012
384.0,0.5841951925489274,0.7973421926910299,0.5841951925489274,1.0,0.951295799821269,0.6439209162167846
385.0,0.6083444041063701,0.9050772626931568,0.6083444041063701,1.0,0.9387755102040817,0.6697233845138646
386.0,0.6231258155880581,0.6220095693779905,0.6231258155880581,1.0,0.9442622950819672,0.5077182070575939
387.0,0.5944914154605906,0.8131868131868132,0.5944914154605906,1.0,0.9432907348242812,0.5300865358950273
388.0,0.2928107835170206,0.2588996763754045,0.2928107835170206,1.0,0.8283415288332588,0.18107149208503706
389.0,0.7286198495157193,0.923913043478261,0.7286198495157193,1.0,0.9664053751399776,0.700948985139993
390.0,0.36785485408104973,0.2769535113748764,0.36785485408104973,1.0,0.887127947429455,0.23842929999268525
391.0,0.6148662092341615,0.5922551252847381,0.6148662092341615,1.0,0.9272540983606558,0.4823819106188661
392.0,0.5076626063872477,0.5226960110041265,0.5076626063872477,1.0,0.930373831775701,0.3949218944959796
393.0,0.5941142083356792,0.8423913043478262,0.5941142083356792,1.0,0.8867924528301887,0.34921514788478913
394.0,0.6823539243597031,0.7547169811320754,0.6823539243597031,1.0,0.9219015280135824,0.49526055654364853
395.0,0.6460142300784566,0.5845511482254697,0.6460142300784566,1.0,0.9655797101449275,0.4927809374119091
396.0,0.600772727248673,0.7311320754716981,0.600772727248673,1.0,0.9395711500974658,0.539458640676002
397.0,0.6227707043560099,0.6457925636007827,0.6227707043560099,1.0,0.9670608108108109,0.4338609156373123
398.0,0.5892892243042406,0.7619047619047619,0.6009005556174248,0.9902912621359223,0.9498806682577565,0.5079469638100467
399.0,0.6406723015551201,0.8686868686868687,0.6567892141411161,0.9876543209876543,0.9369747899159664,0.5209044666871596
400.0,0.696239443317891,0.7479224376731302,0.696239443317891,1.0,0.967966573816156,0.5632573863241662
401.0,0.674265724105776,0.7887323943661971,0.674265724105776,1.0,0.9626666666666667,0.6279504491291603
402.0,0.653261232315458,0.6194690265486725,0.653261232315458,1.0,0.9546769527483124,0.5065936913756358
403.0,0.6251128239285813,0.8658008658008658,0.6251128239285813,1.0,0.9531568228105907,0.7392913662000464
404.0,0.6655153268525519,0.9010989010989011,0.6655153268525519,1.0,0.9676425269645609,0.5827715174143585
405.0,0.5155845086248555,0.6088560885608856,0.5155845086248555,1.0,0.9046875,0.393671659591608
406.0,0.4291415564803658,0.4881889763779528,0.4291415564803658,1.0,0.880722114764668,0.2226491625240247
407.0,0.5254950138077993,0.49050632911392406,0.5254950138077993,1.0,0.92375,0.344999116294379
408.0,0.6118930821987588,0.6371191135734072,0.6118930821987588,1.0,0.9149797570850202,0.47067872433164165
409.0,0.6061455809454618,0.7910750507099392,0.6061455809454618,1.0,0.9564343163538874,0.6266583837522701
410.0,0.5235591840084616,0.6039325842696629,0.5235591840084616,1.0,0.9160432252701579,0.4395053277665874
411.0,0.6035206666282298,0.9069212410501194,0.6035206666282298,1.0,0.9336065573770492,0.5139227330951468
412.0,0.6048613055711548,0.6329113924050633,0.6048613055711548,1.0,0.9601063829787234,0.5068496342349849
413.0,0.4690397831809561,0.6964285714285714,0.48837961597350704,0.98,0.8280643372157516,0.31125289369269726
414.0,0.6458340823075331,0.84,0.6458340823075331,1.0,0.9534313725490197,0.6718183648678904
415.0,0.3859304865008118,0.5308775731310943,0.44261360206755246,0.9337748344370861,0.8346245530393326,0.3768989741639732
416.0,0.5335634581788893,0.6141732283464567,0.5335634581788893,1.0,0.9374005305039788,0.4061963098242753
417.0,0.5753656579118129,0.7972270363951472,0.5753656579118129,1.0,0.8890539871223377,0.4734320764739993
418.0,0.5689718929312768,0.42338709677419356,0.5689718929312768,1.0,0.9519906323185011,0.31210972585634816
419.0,0.5643231248114998,0.7195571955719556,0.5902656651566566,0.9777777777777777,0.890452876376989,0.3876326448552972
420.0,0.6617407479440778,0.8130081300813008,0.678387663634546,0.9876543209876543,0.9504814305364512,0.6392065829165711
421.0,0.5723981814840603,0.7142857142857143,0.5723981814840603,1.0,0.922998986828774,0.5412947441089744
422.0,0.37742745074377376,0.5066666666666667,0.4574493132489136,0.9083333333333333,0.7820976491862568,0.09802861627917436
423.0,0.4278003349513351,0.5367561260210035,0.4278003349513351,1.0,0.8465250965250966,0.35355339059327373
424.0,0.5727062109569855,0.625,0.5727062109569855,1.0,0.9148533585619678,0.47500712516031646
425.0,0.6387888282976202,0.8096280087527352,0.6387888282976202,1.0,0.9441964285714286,0.643726309578718
426.0,0.5257004177425688,0.9111617312072893,0.5257004177425688,1.0,0.9110776186887717,0.6125638918316889
427.0,0.5239866265431865,0.5333333333333333,0.5239866265431865,1.0,0.9414634146341463,0.3715791517158191
428.0,0.510594861522081,0.6415929203539823,0.510594861522081,1.0,0.8962739174219537,0.4026325031647791
429.0,0.47918196074957736,0.5423728813559322,0.47918196074957736,1.0,0.8572377158034529,0.28718326344709527
430.0,0.7052554936630149,0.851063829787234,0.7052554936630149,1.0,0.9653304442036836,0.663663648395968
431.0,0.5878800370454533,0.7297830374753451,0.5878800370454533,1.0,0.9561527581329562,0.610170215847752
432.0,0.5675926121155113,0.7455012853470437,0.5675926121155113,1.0,0.9269729093050648,0.49690399499995325
433.0,0.5506874395259463,0.5608755129958961,0.560838146474535,0.990909090909091,0.9217731421121251,0.4338609156373123
434.0,0.6361673486559213,0.8986175115207373,0.6361673486559213,1.0,0.9411764705882353,0.6777949104220682
435.0,0.6113401354424124,0.6387665198237885,0.6113401354424124,1.0,0.9727954971857411,0.5073234167474707
436.0,0.7184884031725112,0.8093994778067886,0.7184884031725112,1.0,0.9714611872146118,0.65
437.0,0.49853608910772285,0.6050420168067226,0.49853608910772285,1.0,0.9466743119266054,0.48800261446444926
438.0,0.6155475064223405,0.7843137254901961,0.6155475064223405,1.0,0.9521472392638037,0.6827934508705573
439.0,0.5920478121226549,0.6320541760722348,0.5920478121226549,1.0,0.916988416988417,0.37174692648527385
440.0,0.5859904480518399,0.6060606060606061,0.5859904480518399,1.0,0.9229340761374187,0.41182520563948005
441.0,0.5803967841033538,0.8665105386416861,0.5803967841033538,1.0,0.9336032388663967,0.6324555320336759
442.0,0.5089374999241317,0.7987220447284344,0.5089374999241317,1.0,0.9064486830154405,0.5524741224586988
443.0,0.3979884979011967,0.6823821339950372,0.4615724591043465,0.9285714285714286,0.8017436228608331,0.3757425539788384
444.0,0.500455709716854,0.6075533661740559,0.500455709716854,1.0,0.8989841986455982,0.4374194098027683
445.0,0.6446771196833966,0.673076923076923,0.6446771196833966,1.0,0.9611973392461197,0.48564293117863216
446.0,0.5462042892500334,0.5473965287049399,0.5462042892500334,1.0,0.9608397254743641,0.46199130858625165
447.0,0.5473545642027755,0.5232558139534883,0.5473545642027755,1.0,0.934841628959276,0.3752115997105226
448.0,0.46903052225023123,0.4735376044568245,0.46903052225023123,1.0,0.9294184076792772,0.3146583877637763
449.0,0.6427833341710625,0.9090909090909091,0.6553251524549167,0.9903846153846154,0.9401019541206457,0.6951030979874016
450.0,0.6552775264996289,0.8731808731808731,0.6552775264996289,1.0,0.9604843849585724,0.7563935136825168
451.0,0.48729983719024794,0.6415620641562064,0.48729983719024794,1.0,0.8537593984962406,0.3046846968673016
452.0,0.5820444772145774,0.7780979827089336,0.5820444772145774,1.0,0.9453924914675768,0.5139016982746936
453.0,0.4900347515214848,0.5242718446601942,0.4900347515214848,1.0,0.8927563499529633,0.3620512133401586
454.0,0.5125761372156419,0.5851979345955249,0.5182243164839582,0.994535519125683,0.8904823989569752,0.3363363969981562
455.0,0.6898937467283186,0.7278481012658228,0.6898937467283186,1.0,0.9547826086956521,0.5700085501923798
456.0,0.5400078540358524,0.6845637583892618,0.5400078540358524,1.0,0.8974065598779558,0.465657314657332
457.0,0.5606939355716505,0.5298013245033113,0.5606939355716505,1.0,0.9414925373134329,0.4437778447716876
458.0,0.6104190254601058,0.6866952789699571,0.6104190254601058,1.0,0.9415929203539823,0.47176368619230974
459.0,0.7035185194767267,0.9302325581395349,0.7035185194767267,1.0,0.9924012158054711,0.7666518779999278
460.0,0.6162229086385806,0.689655172413793,0.6162229086385806,1.0,0.9629629629629629,0.5803340113821001
461.0,0.5686923844355402,0.6290672451193058,0.5686923844355402,1.0,0.922996878251821,0.4256125302173371
462.0,0.4796040855776134,0.6666666666666666,0.4870686284635338,0.9923076923076923,0.8814485821660403,0.4550434654186556
463.0,0.40632995891471285,0.39136302294197034,0.40632995891471285,1.0,0.9072463768115943,0.24857728847995222
464.0,0.6761334961947117,0.8022922636103152,0.6761334961947117,1.0,0.9538866930171278,0.6519202405202649
465.0,0.6873255519430322,0.8222811671087532,0.6873255519430322,1.0,0.9711316397228638,0.6984302957695783
466.0,0.6947852843806849,0.9415584415584415,0.6947852843806849,1.0,0.9737991266375546,0.7235092977779339
467.0,0.47446650603876694,0.58679706601467,0.5182411308256553,0.9568345323741008,0.8554676048079742,0.2404235184171725
468.0,0.4893919240587892,0.7874015748031497,0.4893919240587892,1.0,0.9416058394160584,0.4685212856658182
469.0,0.516422819319052,0.47244094488188976,0.516422819319052,1.0,0.9425235743152223,0.3817399489194657
470.0,0.6268459091615884,0.8441558441558441,0.6268459091615884,1.0,0.9287272727272727,0.6305639709828864
471.0,0.5801236434185698,0.5378151260504201,0.5801236434185698,1.0,0.949535192563081,0.46928106620779364
472.0,0.5450499703432722,0.6239168110918544,0.5450499703432722,1.0,0.9001761597181445,0.4472135954999579
473.0,0.4435742488907024,0.718562874251497,0.5636692273506976,0.8870967741935484,0.8861224489795918,0.2382615347721177
474.0,0.5552177598311048,0.5819295558958653,0.5552177598311048,1.0,0.9360328638497653,0.44240987299843987
475.0,0.6755828357778692,0.8620689655172414,0.6755828357778692,1.0,0.9550561797752809,0.7028634960055147
476.0,0.6140682316313845,0.6971677559912854,0.6140682316313845,1.0,0.9346026490066225,0.5485594144599658
477.0,0.5078501887671458,0.5431309904153354,0.5078501887671458,1.0,0.9069767441860465,0.40430377003132
478.0,0.4517161964124724,0.46258503401360546,0.4517161964124724,1.0,0.9102627664848786,0.34596009201802713
479.0,0.5410416854338163,0.5319148936170213,0.5410416854338163,1.0,0.9271417133706965,0.42362181901379264
480.0,0.6359763962825948,0.8333333333333333,0.6359763962825948,1.0,0.9578059071729957,0.5608387106354028
481.0,0.640853356737038,0.8396946564885497,0.640853356737038,1.0,0.9454990814451929,0.5765533740283273
482.0,0.5855023649128014,0.8785046728971962,0.5855023649128014,1.0,0.9396648044692737,0.6204284864908406
483.0,0.5798520969004264,0.5351170568561873,0.5798520969004264,1.0,0.9675711449371277,0.4749700298799545
484.0,0.5332260035904878,0.5509181969949917,0.5332260035904878,1.0,0.9306526806526807,0.35938112891672885
485.0,0.6631413857848926,0.7413793103448276,0.6631413857848926,1.0,0.9537934968625214,0.5623100214072791
486.0,0.5733161411272736,0.7994186046511629,0.5922674674800429,0.9838709677419355,0.9160953313744695,0.5324705665241595
487.0,0.5802064354327582,0.5825242718446602,0.5802064354327582,1.0,0.9538327526132404,0.45610791846394133
488.0,0.6497979633969121,0.5958549222797928,0.6497979633969121,1.0,0.9703504043126685,0.5089865985592876
489.0,0.5797564564056312,0.6904761904761905,0.604511976588395,0.9793103448275862,0.9246901811248809,0.4894935754389833
490.0,0.6844265952762277,0.8126410835214447,0.6844265952762277,1.0,0.9707078925956062,0.7
491.0,0.6433633348561328,0.7960199004975124,0.6433633348561328,1.0,0.9456838021338506,0.6054703626824091
492.0,0.5615819570984589,0.6428571428571429,0.5615819570984589,1.0,0.9322242760320394,0.5150787536377128
493.0,0.5625338421954359,0.6534653465346535,0.5625338421954359,1.0,0.9457973291437549,0.49798521678801894
494.0,0.4900567018344958,0.8064516129032258,0.4900567018344958,1.0,0.897775876817793,0.6052574936862544
495.0,0.6063140183374741,0.8923884514435695,0.5971622399385557,1.0076335877862594,0.9169435215946844,0.5465943944999485
496.0,0.639810493973941,0.7272727272727273,0.639810493973941,1.0,0.9635989010989011,0.6088107501520948
497.0,0.6241597383596909,0.7486631016042781,0.6241597383596909,1.0,0.9677589852008457,0.6536449587517803
498.0,0.4310510928553752,0.38944723618090454,0.4310510928553752,1.0,0.918241965973535,0.30413812651491096
499.0,0.5918910528760375,0.827178729689808,0.5918910528760375,1.0,0.9400986610288936,0.5308108076854816
500.0,0.5195311487465435,0.7371794871794872,0.5195311487465435,1.0,0.9021641118124436,0.4454034138589412
501.0,0.6506256974890104,0.8883826879271071,0.6506256974890104,1.0,0.9431137724550899,0.6344683530915323
502.0,0.4883693936942042,0.5662983425414364,0.4883693936942042,1.0,0.8928571428571429,0.4071639637402852
503.0,0.46577975892844736,0.4034582132564841,0.47553404424454876,0.9896907216494846,0.9141546526867628,0.30638410206544403
504.0,0.5247441479199201,0.6751054852320675,0.5247441479199201,1.0,0.8791118421052632,0.35236497247244
505.0,0.5937816648037684,0.8809523809523809,0.5937816648037684,1.0,0.9452054794520548,0.524853977895955
506.0,0.5568298445562709,0.6208425720620843,0.5719809853230504,0.9866666666666667,0.8815207780725022,0.43314808182420994
507.0,0.6531034139365909,0.7254901960784313,0.6531034139365909,1.0,0.9746917585983128,0.6107408240296612
508.0,0.48140747543691487,0.626057529610829,0.48140747543691487,1.0,0.8607755880483153,0.39512333388398085
509.0,0.47938376788110915,0.5321100917431193,0.47938376788110915,1.0,0.9135254988913526,0.3755977341885738
510.0,0.5562257469212949,0.6451612903225807,0.5562257469212949,1.0,0.9216241737488197,0.447213595499958
511.0,0.5744441112452412,0.5641025641025641,0.5744441112452412,1.0,0.9477911646586346,0.4248385633132294
512.0,0.636317956456266,0.7901234567901234,0.636317956456266,1.0,0.958904109589041,0.5983966933565787
513.0,0.5311459224110342,0.4983922829581993,0.5428835994791684,0.9891304347826086,0.9389763779527559,0.40061680838488767
514.0,0.5954652742098301,0.7830342577487766,0.5954652742098301,1.0,0.9050022946305645,0.40787080698927825
515.0,0.6537732634374881,0.8571428571428571,0.6537732634374881,1.0,0.9685737308622079,0.7638809460793484
516.0,0.5696090576166348,0.6237816764132554,0.5696090576166348,1.0,0.936411149825784,0.48236888224893976
517.0,0.6785558239126808,0.8185840707964601,0.6785558239126808,1.0,0.9796511627906976,0.7151953752498411
518.0,0.5282410116272254,0.8093278463648833,0.5366590625179842,0.9921259842519685,0.901595744680851,0.447213595499958
519.0,0.3396446343345291,0.41259500542888167,0.3652694009852824,0.9642857142857143,0.8103250478011472,0.195322317975856
520.0,0.6178103199966087,0.7281553398058253,0.6178103199966087,1.0,0.9692089057318807,0.5461037115296922
521.0,0.593411945678072,0.865979381443299,0.593411945678072,1.0,0.9205776173285198,0.6207953120669009
522.0,0.34855733421333057,0.3890160183066361,0.4085508102202695,0.9236641221374046,0.8484848484848485,0.04216370213557839
523.0,0.41925279711797164,0.38592508513053353,0.41925279711797164,1.0,0.8894273127753304,0.25564271078802253
524.0,0.6657290947131806,0.9491525423728814,0.6657290947131806,1.0,0.9766201804757998,0.771598043393722
525.0,0.5627207620361545,0.6843267108167771,0.5627207620361545,1.0,0.9061433447098977,0.5
526.0,0.3297270221219204,0.3684210526315789,0.354143171859213,0.9649122807017544,0.7758816837315131,0.21655611680148387
527.0,0.40238067670600236,0.4017372421281216,0.40238067670600236,1.0,0.8819806403574088,0.27363873418317436
528.0,0.681855730968483,0.7894736842105263,0.681855730968483,1.0,0.9602094240837696,0.6629526173411688
529.0,0.4404186196356849,0.5013927576601671,0.4404186196356849,1.0,0.8524017467248908,0.36600669105915595
530.0,0.5906846711314222,0.78125,0.5906846711314222,1.0,0.9396499698249849,0.5925568289249715
531.0,0.5649406167929131,0.7603305785123967,0.5649406167929131,1.0,0.9209280303030303,0.42544094772365293
532.0,0.643120044681183,0.7882882882882883,0.643120044681183,1.0,0.9443976411120472,0.6104503031775582
533.0,0.3475299606571109,0.5040091638029782,0.38779131694033897,0.9466666666666667,0.7133849240470048,0.2030692330267238
534.0,0.6630646474112584,0.8366533864541832,0.6630646474112584,1.0,0.9617991373998768,0.7119335046677415
535.0,0.6994269358641468,0.9271523178807948,0.6994269358641468,1.0,0.974169741697417,0.6983497030086773
536.0,0.43825217517577614,0.30848329048843187,0.43825217517577614,1.0,0.9528688524590164,0.25931147860528464
537.0,0.49302172007265904,0.4883720930232558,0.5005200416876301,0.9924812030075187,0.9195097714474991,0.38125856080313314
538.0,0.6325015512392673,0.7178217821782178,0.6325015512392673,1.0,0.9522258414766558,0.5556875008265183
539.0,0.7256077257932185,0.8870967741935483,0.7256077257932185,1.0,0.9617224880382775,0.5661695375110529
540.0,0.6326634556225692,0.7575757575757576,0.6326634556225692,1.0,0.9567307692307693,0.6254202127193174
541.0,0.6248858886988008,0.7439198855507868,0.6248858886988008,1.0,0.9588278931750742,0.6416176055494213
542.0,0.5698849073611885,0.5854430379746836,0.5698849073611885,1.0,0.9428274428274428,0.501384405049277
543.0,0.6201598910192869,0.9395973154362416,0.6201598910192869,1.0,0.9310077519379845,0.5639439572202596
544.0,0.4429612950691123,0.4171779141104294,0.4429612950691123,1.0,0.8678943154523618,0.277131166281539
545.0,0.5727123407494193,0.6622516556291391,0.5727123407494193,1.0,0.9124124124124124,0.425842364117954
546.0,0.4403138453546944,0.41666666666666663,0.4403138453546944,1.0,0.9033232628398792,0.3156711898752138
547.0,0.4632803515602552,0.4992435703479577,0.501084028247572,0.9615384615384616,0.8861111111111111,0.4305841201946008
548.0,0.5195495286721966,0.7708779443254817,0.5195495286721966,1.0,0.8888888888888888,0.45605557649470035
549.0,0.6206551843102164,0.7155635062611807,0.6206551843102164,1.0,0.9714964370546318,0.5276328614914091
550.0,0.4970262887167243,0.5067064083457526,0.4970262887167243,1.0,0.9299435028248587,0.3615582889886309
551.0,0.5568407547442983,0.5707196029776676,0.5568407547442983,1.0,0.9073529411764706,0.3429971702850177
552.0,0.6232297992925996,0.7894736842105263,0.6232297992925996,1.0,0.9703961689159774,0.719943723854331
553.0,0.6129804225408062,0.48355899419729204,0.6129804225408062,1.0,0.9391666666666667,0.39223227027636803
554.0,0.5926847251564077,0.5932203389830508,0.5926847251564077,1.0,0.9635467980295567,0.4779864033186187
555.0,0.516684506052583,0.6208718626155878,0.5254789780386835,0.9915966386554622,0.8992277992277993,0.46300166988715036
556.0,0.5771475338458262,0.9382716049382716,0.5771475338458262,1.0,0.8827772768259693,0.5224377249688121
557.0,0.5671023005030922,0.8306709265175719,0.5671023005030922,1.0,0.9466095089633672,0.6544392761809544
558.0,0.5788081703042419,0.47863247863247865,0.5788081703042419,1.0,0.9427121102248006,0.4111700055702786
559.0,0.4716916561726662,0.43363994743758216,0.4716916561726662,1.0,0.9450247388675096,0.3664946581502284
560.0,0.5869109805733871,0.6521739130434783,0.5869109805733871,1.0,0.9353197674418605,0.4250127505737787
561.0,0.563155545842461,0.6514657980456027,0.563155545842461,1.0,0.9137677609015189,0.4985908849388344
562.0,0.503195168379338,0.6382978723404256,0.49774051848581197,1.005464480874317,0.8863185723727693,0.4462497719754704
563.0,0.5253695795741563,0.6959152798789713,0.5354242717546686,0.9905660377358491,0.896469465648855,0.3862160813477717
564.0,0.48229803184126896,0.6010928961748634,0.48229803184126896,1.0,0.903950103950104,0.425
565.0,0.5143041227770272,0.39711191335740076,0.5143041227770272,1.0,0.8892857142857142,0.22249707974499242
566.0,0.6290621029436603,0.6451612903225806,0.6290621029436603,1.0,0.9527027027027027,0.5177269909067925
567.0,0.5543987035746694,0.5719237435008665,0.5543987035746694,1.0,0.9245830311820159,0.37856141648148994
568.0,0.5704900648118516,0.6972477064220184,0.5704900648118516,1.0,0.9417892156862745,0.5755432216610669
569.0,0.46126449914267115,0.5255255255255256,0.46126449914267115,1.0,0.8413413413413413,0.2469934631041038
570.0,0.6456446920749055,0.7455012853470437,0.6456446920749055,1.0,0.9461077844311377,0.4961782879177758
571.0,0.6411413578754679,0.6521739130434783,0.6411413578754679,1.0,0.9615384615384616,0.5413902920037097
572.0,0.5410208104541947,0.6487341772151899,0.5410208104541947,1.0,0.9269406392694064,0.4502802389379104
573.0,0.6394116370924674,0.8353808353808353,0.6394116370924674,1.0,0.9285067873303168,0.5727602453405211
574.0,0.34164242730437205,0.3172978505629478,0.34164242730437205,1.0,0.8934426229508197,0.24060457818836745
575.0,0.6116622809617909,0.4690831556503198,0.6116622809617909,1.0,0.9636163175303197,0.4079085082240021
576.0,0.26974863669616994,0.31794095382286147,0.3016451923631103,0.9456521739130435,0.8017098731384446,0.25371818811214997
577.0,0.6752793620795777,0.7495429616087751,0.6752793620795777,1.0,0.9639975170701428,0.6017403952436415
578.0,0.6473542447250075,0.7160493827160493,0.6473542447250075,1.0,0.9696016771488469,0.5754225500544022
579.0,0.621843663704132,0.848375451263538,0.621843663704132,1.0,0.9627791563275434,0.5893995138303395
580.0,0.44758150544307707,0.5614035087719298,0.44758150544307707,1.0,0.887762001352265,0.393671659591608
581.0,0.572774041647377,0.6106870229007634,0.572774041647377,1.0,0.9352196574832464,0.5088386549293697
582.0,0.4778097740120155,0.410783055198973,0.4866990676471842,0.9908256880733946,0.9271421241662391,0.3315938128703508
583.0,0.4801925642323629,0.4854368932038835,0.4801925642323629,1.0,0.9322990126939351,0.38663230087833356
584.0,0.6210063400248335,0.5681818181818182,0.6210063400248335,1.0,0.948220064724919,0.4762831485407526
585.0,0.6448411509559765,0.6029106029106029,0.6448411509559765,1.0,0.9590443686006825,0.48166378315169184
586.0,0.5321075151145613,0.41186161449752884,0.5321075151145613,1.0,0.946824224519941,0.2849881999516386
587.0,0.5858013318207453,0.7358490566037735,0.5858013318207453,1.0,0.9628422425032594,0.5079253544375131
588.0,0.4991641660703782,0.512396694214876,0.4991641660703782,1.0,0.89937106918239,0.32623276775423077
589.0,0.46229666331020586,0.4605263157894737,0.46229666331020586,1.0,0.9333094299031911,0.2962816319481588
590.0,0.6023226585708933,0.6618962432915921,0.6023226585708933,1.0,0.9561699258260283,0.5317945372643963
591.0,0.5445783418009302,0.6386554621848739,0.5445783418009302,1.0,0.9416859122401847,0.3416658267812025
592.0,0.5827829509254422,0.867430441898527,0.5827829509254422,1.0,0.908235294117647,0.5622255427989818
593.0,0.6066622004074984,0.7952622673434856,0.6066622004074984,1.0,0.9650951949229375,0.650986776965388
594.0,0.5674414464083964,0.7066381156316917,0.5674414464083964,1.0,0.9112107623318386,0.3530090432487313
595.0,0.5909335781402402,0.837696335078534,0.5909335781402402,1.0,0.9348906560636183,0.5881716976750462
596.0,0.5638964086376307,0.7662835249042145,0.5769340452490174,0.9886363636363636,0.9090909090909091,0.4310438684960584
597.0,0.6296229982557814,0.6704980842911877,0.6296229982557814,1.0,0.9672678690714763,0.5641743373522312
598.0,0.5570111429670368,0.8097165991902834,0.5570111429670368,1.0,0.8823142669296515,0.4456688116249245
599.0,0.5822610290909862,0.70298769771529,0.5822610290909862,1.0,0.9324253535882661,0.509004499297213
600.0,0.6590933158959811,0.9013605442176871,0.6590933158959811,1.0,0.9657620041753654,0.7432941462471664
601.0,0.5901031925889377,0.6601941747572816,0.5901031925889377,1.0,0.9613670133729569,0.5081826849863567
602.0,0.5900998693462088,0.6936416184971098,0.5900998693462088,1.0,0.9293598233995585,0.5271206080224663
603.0,0.5882309861495463,0.5311355311355311,0.5882309861495463,1.0,0.9437781109445277,0.42810753271195706
604.0,0.608072107474668,0.8571428571428571,0.608072107474668,1.0,0.9058704453441295,0.6021516462493741
605.0,0.49941369978326183,0.7703081232492996,0.49941369978326183,1.0,0.9153873616565512,0.514593033833249
606.0,0.6155475064223405,0.7894736842105263,0.6155475064223405,1.0,0.9287851585876721,0.6185794910899213
607.0,0.6107506078286781,0.7380952380952381,0.6107506078286781,1.0,0.9487179487179487,0.5280588545286916
608.0,0.5987177466041348,0.6418219461697723,0.5987177466041348,1.0,0.9453262786596119,0.43950532776658746
609.0,0.5491969379608824,0.5892857142857143,0.6157086778523387,0.9444444444444444,0.9001907183725365,0.3811274107713804
610.0,0.650874948559477,0.6496519721577726,0.650874948559477,1.0,0.954183266932271,0.5714285714285715
611.0,0.6816046496081913,0.8757062146892656,0.6816046496081913,1.0,0.9641618497109826,0.7267667514266379
612.0,0.5689891078610357,0.5625,0.5689891078610357,1.0,0.9610526315789474,0.467764276963749
613.0,0.5557176819718056,0.6081081081081081,0.5557176819718056,1.0,0.9016715830875123,0.42250014819841986
614.0,0.6262299372640485,0.7446808510638298,0.6262299372640485,1.0,0.9656468062265163,0.6115789865796152
615.0,0.43825958934176124,0.536828963795256,0.43825958934176124,1.0,0.8501420454545454,0.31212369893744923
616.0,0.4262072239456496,0.44117647058823534,0.4262072239456496,1.0,0.8891730605285593,0.29228423848691526
617.0,0.6736764364857639,0.8446866485013623,0.6736764364857639,1.0,0.9731471535982814,0.7239332290434765
618.0,0.4848274885479442,0.4742547425474255,0.4848274885479442,1.0,0.9357798165137615,0.3605050608756658
619.0,0.601538731139209,0.5109489051094891,0.601538731139209,1.0,0.9629331184528606,0.3764870817927583
620.0,0.5035040615989593,0.8404558404558404,0.5035040615989593,1.0,0.9044786564030791,0.508427559805136
621.0,0.4160295033325259,0.3908355795148248,0.4160295033325259,1.0,0.9217171717171717,0.2884679762368844
622.0,0.6957451031285362,0.7142857142857143,0.6957451031285362,1.0,0.9764089121887287,0.5854709249535844
623.0,0.660375598611732,0.9230769230769231,0.660375598611732,1.0,0.9466911764705882,0.7644493910891185
624.0,0.6372945097282152,0.7843137254901962,0.6372945097282152,1.0,0.9539347408829175,0.6186625597463115
625.0,0.6528729802383463,0.7083333333333334,0.6528729802383463,1.0,0.9571068124474348,0.48709459707208336
626.0,0.5805293242880932,0.7045009784735812,0.5805293242880932,1.0,0.9352941176470588,0.4825730124331106
627.0,0.6368416749389461,0.7312252964426877,0.6368416749389461,1.0,0.9595959595959596,0.5035819409409258
628.0,0.6672619317148389,0.7425742574257426,0.6672619317148389,1.0,0.9579545454545455,0.5487954724560283
629.0,0.4961392809870126,0.7587064676616915,0.503516715563006,0.9926470588235294,0.8665084544645506,0.45761530208886403
630.0,0.6166349216756826,0.7558139534883721,0.6166349216756826,1.0,0.9330877839165131,0.549442255794756
631.0,0.6157133750091107,0.8292682926829268,0.6157133750091107,1.0,0.9442379182156134,0.5713171854612168
632.0,0.6990986422115791,0.9717868338557994,0.6990986422115791,1.0,0.9691689008042895,0.7818700369735249
633.0,0.6336735181956685,0.7843137254901961,0.6336735181956685,1.0,0.9489671931956257,0.6596155885658175
634.0,0.49567350756638956,0.5818181818181818,0.49567350756638956,1.0,0.8717598908594816,0.364369209495339
635.0,0.5117654432697772,0.7155322862129145,0.5117654432697772,1.0,0.8776939655172413,0.4869206048708966
636.0,0.6171249967085615,0.8333333333333334,0.6171249967085615,1.0,0.9498632634457612,0.5357673302137341
637.0,0.6381360077604268,1.0040983606557377,0.6381360077604268,1.0,0.9487334137515079,0.6748373177332485
638.0,0.5545819758733718,0.6534954407294833,0.5545819758733718,1.0,0.9266811279826465,0.49180436204991546
639.0,0.7197680138389838,0.8495145631067961,0.7197680138389838,1.0,0.9774730656219393,0.7071067811865475
640.0,0.6241878756584542,0.8737864077669902,0.6241878756584542,1.0,0.9602824360105914,0.5648594053921048
641.0,0.4559942011769136,0.7084019769357496,0.4559942011769136,1.0,0.8327594687653713,0.38418518096760207
642.0,0.5670085564402892,0.6358381502890174,0.5670085564402892,1.0,0.9300998573466477,0.5299078148731252
643.0,0.6331526571505794,0.6410256410256411,0.6331526571505794,1.0,0.9684400360685302,0.5725983343138683
644.0,0.5217310035093632,0.6505576208178439,0.5339348249813913,0.9885057471264368,0.8771807397069086,0.54647061859381
645.0,0.6766425735594814,0.7964601769911503,0.6766425735594814,1.0,0.9594290007513148,0.6679474875720741
646.0,0.643590161672909,0.7728337236533958,0.643590161672909,1.0,0.9499105545617174,0.5970223141259935
647.0,0.7093493179183002,0.8937198067632851,0.7093493179183002,1.0,0.9606791778373548,0.6695340634119862
