Cell id,Area,Perimeter,R_inscribing,R_circumscribing,Convex hull area,Convex hull perimeter,Major axis length,Minor axis length,Centroids
1.0,789,122,10.770329614269007,19.849433241279208,829,122,38.2,28.0,"(1856.0 , 14.0)"
2.0,1927,198,16.401219466856727,32.202484376209235,1995,198,62.4,46.0,"(398.0 , 26.0)"
3.0,2286,218,20.518284528683193,32.802438933713454,2377,218,64.1,47.0,"(274.0 , 30.0)"
4.0,1525,194,12.206555615733702,31.38470965295043,1645,194,60.9,34.0,"(647.0 , 24.0)"
5.0,1302,166,14.317821063276353,24.758836806279895,1424,166,47.0,45.0,"(1054.0 , 27.0)"
6.0,2017,272,10.770329614269007,49.72926703662542,2414,266,96.4,34.0,"(1402.0 , 22.0)"
7.0,1024,150,11.661903789690601,25.495097567963924,1086,150,50.3,28.0,"(831.0 , 33.0)"
8.0,869,130,11.40175425099138,21.95449840010015,925,130,40.0,34.0,"(1622.0 , 35.0)"
9.0,1857,204,17.029386365926403,35.4682957019364,1929,204,66.6,40.0,"(1303.0 , 49.0)"
10.0,1354,184,8.246211251235321,31.304951684997057,1524,180,61.8,36.0,"(1662.0 , 41.0)"
11.0,1266,162,14.422205101855956,23.769728648009426,1344,162,44.1,38.0,"(1826.0 , 44.0)"
12.0,1328,176,13.038404810405298,28.635642126552707,1457,176,54.7,35.0,"(730.0 , 53.0)"
13.0,1304,178,11.661903789690601,30.01666203960727,1393,178,56.9,32.0,"(1729.0 , 54.0)"
14.0,2030,212,15.0,31.953090617340916,2154,212,62.6,43.0,"(859.0 , 62.0)"
15.0,963,140,12.529964086141668,22.02271554554524,1005,140,43.2,29.0,"(1927.0 , 49.0)"
16.0,1989,216,14.7648230602334,37.64306044943742,2128,216,70.2,44.0,"(600.0 , 61.0)"
17.0,1412,168,15.524174696260024,25.553864678361276,1472,168,49.7,37.0,"(934.0 , 56.0)"
18.0,1148,166,12.041594578792296,29.732137494637012,1200,166,55.9,29.0,"(1433.0 , 57.0)"
19.0,991,142,13.892443989449804,24.20743687382041,1042,142,43.0,33.0,"(1467.0 , 57.0)"
20.0,2045,206,17.4928556845359,34.713109915419565,2111,206,64.4,44.0,"(212.0 , 66.0)"
21.0,1104,152,14.7648230602334,20.615528128088304,1194,152,39.8,37.0,"(1516.0 , 64.0)"
22.0,817,140,9.055385138137417,24.413111231467404,865,140,46.5,23.0,"(1763.0 , 65.0)"
23.0,1561,198,11.704699910719626,31.575306807693888,1744,198,59.5,34.0,"(1980.0 , 71.0)"
24.0,2405,284,17.46424919657298,46.06517122512408,3079,270,83.7,56.0,"(1086.0 , 86.0)"
25.0,1913,208,17.0,32.202484376209235,2049,208,58.8,48.0,"(1365.0 , 72.0)"
26.0,1114,144,12.806248474865697,23.706539182259394,1164,144,45.5,37.0,"(91.0 , 65.0)"
27.0,1687,186,14.7648230602334,29.732137494637012,1769,186,55.9,43.0,"(344.0 , 72.0)"
28.0,994,143,11.180339887498949,21.93171219946131,1035,144,43.2,30.0,"(770.0 , 71.0)"
29.0,1192,156,14.317821063276353,23.08679276123039,1244,156,45.6,36.0,"(1030.0 , 70.0)"
30.0,2282,218,17.11724276862369,32.64965543462902,2422,218,64.5,49.0,"(1185.0 , 85.0)"
31.0,1267,162,16.401219466856727,22.360679774997898,1334,162,42.6,39.0,"(809.0 , 78.0)"
32.0,2579,234,19.313207915827967,36.796738985948195,2728,234,69.1,51.0,"(1875.0 , 87.0)"
33.0,1559,178,14.317821063276353,29.732137494637012,1673,174,56.1,42.0,"(2014.0 , 87.0)"
34.0,1385,170,15.0,27.51363298439521,1448,170,53.5,34.0,"(1793.0 , 92.0)"
35.0,1637,188,13.601470508735444,29.732137494637012,1758,188,55.3,42.0,"(643.0 , 91.0)"
36.0,1369,174,12.041594578792296,27.313000567495326,1504,174,49.8,39.0,"(1681.0 , 96.0)"
37.0,2808,298,16.0,43.01162633521314,3397,280,84.5,56.0,"(1236.0 , 104.0)"
38.0,1584,174,18.24828759089466,26.0,1639,174,51.6,39.0,"(430.0 , 102.0)"
39.0,1507,172,17.46424919657298,27.313000567495326,1581,172,50.0,38.0,"(1575.0 , 106.0)"
40.0,748,138,7.211102550927978,24.20743687382041,814,138,46.0,21.0,"(1742.0 , 100.0)"
41.0,948,140,13.152946437965905,21.587033144922902,998,140,39.9,35.0,"(1953.0 , 104.0)"
42.0,1951,218,14.317821063276353,39.395431207184416,2099,218,74.0,37.0,"(1470.0 , 124.0)"
43.0,2016,208,16.1245154965971,35.510561809129406,2126,208,67.7,37.0,"(24.0 , 125.0)"
44.0,1093,158,12.36931687685298,24.73863375370596,1194,158,48.3,30.0,"(781.0 , 110.0)"
45.0,1487,180,14.866068747318506,27.51363298439521,1567,180,53.6,37.0,"(1031.0 , 123.0)"
46.0,1927,200,15.0,30.805843601498726,2021,200,60.9,43.0,"(871.0 , 129.0)"
47.0,852,150,7.211102550927978,25.0,947,150,47.4,24.0,"(275.0 , 124.0)"
48.0,1558,172,17.08800749063506,26.92582403567252,1614,172,50.1,40.0,"(1411.0 , 122.0)"
49.0,1420,170,13.892443989449804,30.364452901377952,1489,170,58.0,30.0,"(835.0 , 131.0)"
50.0,1501,188,14.317821063276353,27.294688127912362,1689,188,52.2,49.0,"(1918.0 , 136.0)"
51.0,1141,150,15.297058540778355,21.93171219946131,1193,150,43.3,35.0,"(698.0 , 130.0)"
52.0,1332,184,10.0,32.984845004941285,1440,184,64.8,30.0,"(1507.0 , 147.0)"
53.0,2675,306,12.0,37.48332962798263,3189,260,71.4,55.0,"(1971.0 , 149.0)"
54.0,1106,144,14.035668847618199,23.600847442411894,1135,144,43.4,34.0,"(1305.0 , 133.0)"
55.0,1169,152,11.045361017187261,24.041630560342615,1239,152,45.3,36.0,"(2015.0 , 138.0)"
56.0,1551,186,14.866068747318506,31.016124838541646,1658,186,61.8,33.0,"(63.0 , 151.0)"
57.0,1183,156,12.0,26.30589287593181,1248,156,50.9,29.0,"(1675.0 , 139.0)"
58.0,2742,252,20.615528128088304,36.124783736376884,2911,252,69.3,53.0,"(145.0 , 158.0)"
59.0,1380,166,15.652475842498529,25.298221281347036,1442,166,50.0,35.0,"(355.0 , 146.0)"
60.0,980,148,9.055385138137417,23.53720459187964,1057,148,45.4,30.0,"(1889.0 , 152.0)"
61.0,1385,166,15.033296378372908,25.709920264364882,1460,166,50.2,35.0,"(1801.0 , 147.0)"
62.0,695,126,7.810249675906654,20.248456731316587,743,126,40.5,23.0,"(289.0 , 153.0)"
63.0,1388,182,13.038404810405298,29.68164415931166,1489,182,58.0,33.0,"(649.0 , 167.0)"
64.0,1414,174,14.317821063276353,29.410882339705484,1470,174,56.3,32.0,"(1001.0 , 159.0)"
65.0,1250,184,9.433981132056603,31.622776601683793,1380,184,61.7,27.0,"(405.0 , 174.0)"
66.0,3164,280,19.924858845171276,47.16990566028302,3349,280,90.8,48.0,"(1405.0 , 176.0)"
67.0,848,148,8.0,21.470910553583888,1000,148,39.8,38.0,"(1477.0 , 169.0)"
68.0,1269,170,12.041594578792296,29.410882339705484,1312,170,58.2,29.0,"(779.0 , 168.0)"
69.0,1216,152,14.142135623730951,23.345235059857504,1283,152,45.3,38.0,"(1072.0 , 177.0)"
70.0,1407,224,8.94427190999916,38.600518131237564,1681,214,75.0,27.0,"(1559.0 , 191.0)"
71.0,696,122,8.06225774829855,19.313207915827967,742,122,36.2,27.0,"(1604.0 , 180.0)"
72.0,1529,188,14.317821063276353,30.479501308256342,1662,188,55.3,43.0,"(1230.0 , 188.0)"
73.0,1642,198,13.45362404707371,31.622776601683793,1744,198,61.1,37.0,"(988.0 , 193.0)"
74.0,2086,234,13.92838827718412,40.22437072223753,2202,234,79.9,35.0,"(1680.0 , 200.0)"
75.0,1505,206,7.280109889280518,37.33630940518894,1681,200,68.9,30.0,"(1638.0 , 201.0)"
76.0,1958,244,9.0,48.507731342539614,2117,242,94.6,26.0,"(1931.0 , 218.0)"
77.0,1201,160,11.313708498984761,26.419689627245813,1264,160,51.9,31.0,"(719.0 , 195.0)"
78.0,1428,174,12.649110640673518,30.463092423455635,1517,174,58.3,37.0,"(1267.0 , 201.0)"
79.0,2222,218,17.0,33.1058907144937,2441,218,63.1,50.0,"(906.0 , 203.0)"
80.0,1816,244,11.661903789690601,43.266615305567875,2046,244,83.0,27.0,"(1992.0 , 201.0)"
81.0,1212,158,15.524174696260024,22.825424421026653,1281,158,44.4,36.0,"(1780.0 , 197.0)"
82.0,1349,162,16.64331697709324,24.08318915758459,1401,162,46.6,39.0,"(29.0 , 199.0)"
83.0,1460,180,15.652475842498529,24.331050121192877,1601,180,47.3,46.0,"(97.0 , 200.0)"
84.0,1351,168,14.866068747318506,26.570660511172846,1390,168,52.6,33.0,"(358.0 , 195.0)"
85.0,1397,188,11.180339887498949,34.438350715445125,1518,188,65.4,27.0,"(1112.0 , 208.0)"
86.0,1022,142,12.0,26.0,1069,142,48.8,28.0,"(1036.0 , 209.0)"
87.0,1081,148,10.770329614269007,23.706539182259394,1156,148,44.4,31.0,"(1069.0 , 215.0)"
88.0,1540,190,13.92838827718412,30.59411708155671,1680,190,57.3,36.0,"(1147.0 , 223.0)"
89.0,688,130,6.708203932499369,21.2602916254693,781,130,41.2,22.0,"(498.0 , 214.0)"
90.0,2365,248,12.727922061357855,43.32435804486894,2594,248,74.8,49.0,"(975.0 , 228.0)"
91.0,2109,229,15.297058540778355,38.62641583165593,2314,228,76.1,40.0,"(189.0 , 236.0)"
92.0,935,132,13.45362404707371,20.615528128088304,971,132,38.4,31.0,"(1599.0 , 220.0)"
93.0,1117,154,13.601470508735444,21.95449840010015,1202,154,41.1,39.0,"(447.0 , 224.0)"
94.0,1698,192,16.401219466856727,31.906112267087632,1773,192,61.4,36.0,"(1520.0 , 236.0)"
95.0,2098,210,17.204650534085253,36.069377593742864,2215,208,65.9,47.0,"(1308.0 , 240.0)"
96.0,1774,206,12.806248474865697,36.796738985948195,1883,206,69.9,37.0,"(1854.0 , 243.0)"
97.0,965,146,8.06225774829855,23.769728648009426,1045,146,47.1,25.0,"(1192.0 , 227.0)"
98.0,1389,164,15.231546211727817,25.709920264364882,1428,164,50.3,36.0,"(262.0 , 238.0)"
99.0,1587,178,17.4928556845359,28.30194339616981,1662,178,52.8,42.0,"(1429.0 , 235.0)"
100.0,1896,226,11.0,38.62641583165593,2195,220,73.4,40.0,"(1766.0 , 256.0)"
101.0,1322,194,7.0,33.015148038438355,1478,194,63.6,29.0,"(412.0 , 245.0)"
102.0,1541,180,14.7648230602334,27.313000567495326,1649,180,54.1,36.0,"(129.0 , 246.0)"
103.0,1422,176,11.045361017187261,26.92582403567252,1522,176,53.1,33.0,"(1359.0 , 253.0)"
104.0,1983,240,13.341664064126334,41.036569057366385,2297,240,78.5,37.0,"(890.0 , 257.0)"
105.0,2092,270,7.615773105863909,43.86342439892262,2701,252,83.2,36.0,"(220.0 , 271.0)"
106.0,1284,164,13.0,27.80287754891569,1379,164,52.8,34.0,"(62.0 , 261.0)"
107.0,970,144,12.041594578792296,22.67156809750927,1040,144,44.2,29.0,"(300.0 , 264.0)"
108.0,903,144,8.94427190999916,24.413111231467404,938,144,48.8,23.0,"(468.0 , 260.0)"
109.0,2014,220,15.132745950421556,34.66987164671943,2206,216,65.3,46.0,"(1078.0 , 271.0)"
110.0,1703,202,16.0,33.83784863137726,1921,198,60.2,43.0,"(1676.0 , 271.0)"
111.0,1249,176,11.40175425099138,32.69556544854363,1300,176,63.7,26.0,"(1132.0 , 276.0)"
112.0,915,132,13.416407864998739,21.400934559032695,955,134,40.5,30.0,"(1487.0 , 268.0)"
113.0,1239,162,12.36931687685298,28.231188426986208,1336,162,52.5,29.0,"(1720.0 , 277.0)"
114.0,1542,184,14.317821063276353,29.698484809834994,1629,184,57.4,37.0,"(1174.0 , 276.0)"
115.0,1585,186,13.601470508735444,29.732137494637012,1642,186,58.6,36.0,"(342.0 , 283.0)"
116.0,1673,190,14.317821063276353,30.23243291566195,1792,190,59.7,37.0,"(971.0 , 279.0)"
117.0,1528,198,13.892443989449804,34.713109915419565,1599,198,66.8,32.0,"(1247.0 , 282.0)"
118.0,1116,152,13.0,24.515301344262525,1149,152,46.6,32.0,"(542.0 , 276.0)"
119.0,1643,178,17.0,30.01666203960727,1713,178,59.2,40.0,"(1598.0 , 282.0)"
120.0,1672,214,9.433981132056603,36.71511950137164,1889,214,69.4,34.0,"(835.0 , 287.0)"
121.0,1076,146,12.649110640673518,22.360679774997898,1122,146,44.4,31.0,"(151.0 , 280.0)"
122.0,1275,156,14.142135623730951,26.40075756488817,1318,156,49.4,37.0,"(643.0 , 291.0)"
123.0,1020,142,13.45362404707371,19.849433241279208,1055,142,39.1,32.0,"(111.0 , 287.0)"
124.0,2782,282,17.0,43.829214001622255,3150,270,87.0,48.0,"(1449.0 , 310.0)"
125.0,832,144,7.615773105863909,24.166091947189145,970,144,47.5,26.0,"(785.0 , 295.0)"
126.0,1255,188,10.63014581273465,33.301651610693426,1323,188,65.8,27.0,"(1019.0 , 300.0)"
127.0,1253,172,10.63014581273465,25.0,1404,170,47.5,35.0,"(1502.0 , 300.0)"
128.0,1504,272,7.0710678118654755,47.80167361086848,1852,272,94.0,24.0,"(696.0 , 317.0)"
129.0,1002,158,10.0,25.612496949731394,1100,158,50.0,29.0,"(1075.0 , 305.0)"
130.0,1063,144,13.892443989449804,22.02271554554524,1087,144,42.2,32.0,"(572.0 , 304.0)"
131.0,2259,256,19.6468827043885,36.796738985948195,2622,238,72.6,48.0,"(870.0 , 318.0)"
132.0,1124,178,11.704699910719626,31.827660925679098,1287,178,61.1,29.0,"(1335.0 , 311.0)"
133.0,1488,190,13.0,27.294688127912362,1683,178,53.4,44.0,"(1387.0 , 310.0)"
134.0,1218,152,13.601470508735444,24.041630560342615,1270,152,47.4,33.0,"(490.0 , 318.0)"
135.0,2629,318,10.816653826391969,55.94640292279746,3161,310,110.3,34.0,"(391.0 , 327.0)"
136.0,1351,182,8.94427190999916,30.083217912982647,1474,176,57.6,30.0,"(1191.0 , 318.0)"
137.0,1021,150,10.63014581273465,24.698178070456937,1092,150,46.2,28.0,"(1051.0 , 323.0)"
138.0,1304,198,5.0990195135927845,35.35533905932738,1539,198,68.4,29.0,"(628.0 , 339.0)"
139.0,1661,194,15.0,31.38470965295043,1781,194,61.3,40.0,"(671.0 , 333.0)"
140.0,1387,182,13.92838827718412,32.28002478313795,1481,182,62.9,31.0,"(1654.0 , 328.0)"
141.0,2445,288,3.605551275463989,45.221676218380054,3161,268,86.4,49.0,"(890.0 , 343.0)"
142.0,1031,146,12.041594578792296,25.059928172283335,1102,146,48.8,28.0,"(2054.0 , 330.0)"
143.0,2745,318,13.416407864998739,52.69724850502159,3609,304,102.6,48.0,"(1492.0 , 349.0)"
144.0,2065,260,10.770329614269007,42.20189569201838,2390,260,82.3,38.0,"(1300.0 , 348.0)"
145.0,958,142,10.63014581273465,21.95449840010015,1021,142,43.4,30.0,"(234.0 , 338.0)"
146.0,1485,196,11.313708498984761,29.154759474226502,1622,196,54.4,39.0,"(1239.0 , 348.0)"
147.0,977,158,9.219544457292887,27.459060435491963,1083,156,52.0,28.0,"(1591.0 , 348.0)"
148.0,2739,250,21.0,37.64306044943742,2975,250,73.1,56.0,"(1122.0 , 353.0)"
149.0,985,140,10.04987562112089,23.40939982143925,1032,140,46.6,28.0,"(1553.0 , 348.0)"
150.0,1878,200,16.278820596099706,31.827660925679098,1971,200,62.0,40.0,"(985.0 , 352.0)"
151.0,1624,206,12.649110640673518,34.539832078341085,1785,202,65.4,35.0,"(1627.0 , 361.0)"
152.0,1118,148,12.041594578792296,25.238858928247925,1145,148,48.4,31.0,"(45.0 , 348.0)"
153.0,1390,204,11.180339887498949,36.71511950137164,1603,204,67.1,30.0,"(414.0 , 356.0)"
154.0,801,122,13.0,17.69180601295413,826,122,33.3,30.0,"(101.0 , 350.0)"
155.0,1172,154,14.142135623730951,22.847319317591726,1264,154,44.8,38.0,"(542.0 , 358.0)"
156.0,1310,172,12.083045973594572,27.313000567495326,1415,172,52.5,39.0,"(1179.0 , 369.0)"
157.0,1515,178,14.212670403551895,29.068883707497267,1611,178,56.2,40.0,"(1392.0 , 366.0)"
158.0,1727,210,11.40175425099138,36.87817782917155,1880,210,72.3,33.0,"(1690.0 , 372.0)"
159.0,982,146,11.704699910719626,25.0,1040,146,45.5,31.0,"(461.0 , 375.0)"
160.0,2284,256,13.0,42.44997055358225,2701,254,83.4,37.0,"(699.0 , 383.0)"
161.0,1716,186,17.88854381999832,28.319604517012593,1843,184,54.0,48.0,"(1904.0 , 377.0)"
162.0,966,140,12.649110640673518,24.596747752497688,1021,140,47.0,29.0,"(134.0 , 374.0)"
163.0,1191,160,12.165525060596439,28.30194339616981,1232,160,54.2,29.0,"(2015.0 , 388.0)"
164.0,2495,236,18.110770276274835,36.235341863986875,2772,234,66.5,63.0,"(1864.0 , 397.0)"
165.0,827,124,12.041594578792296,19.79898987322333,870,124,37.6,33.0,"(763.0 , 386.0)"
166.0,2718,266,15.231546211727817,45.27692569068709,2943,266,85.6,39.0,"(1078.0 , 399.0)"
167.0,966,144,9.219544457292887,24.515301344262525,1047,144,48.1,24.0,"(241.0 , 394.0)"
168.0,1069,142,14.0,22.360679774997898,1099,142,43.0,33.0,"(84.0 , 388.0)"
169.0,1927,266,4.47213595499958,42.720018726587654,2545,250,82.1,40.0,"(190.0 , 409.0)"
170.0,1767,204,17.69180601295413,29.832867780352597,1925,204,58.2,42.0,"(929.0 , 402.0)"
171.0,768,120,11.40175425099138,18.681541692269406,800,120,36.7,26.0,"(872.0 , 386.0)"
172.0,2208,268,8.0,47.853944456021594,2536,264,93.1,33.0,"(1563.0 , 392.0)"
173.0,1285,178,11.661903789690601,29.732137494637012,1339,178,58.7,27.0,"(1727.0 , 396.0)"
174.0,1781,186,16.0,31.78049716414141,1894,186,60.4,40.0,"(1234.0 , 394.0)"
175.0,2179,214,17.46424919657298,33.52610922848042,2285,214,61.8,47.0,"(1298.0 , 412.0)"
176.0,1791,220,5.0,34.9857113690718,2155,210,66.6,40.0,"(392.0 , 404.0)"
177.0,1700,194,17.46424919657298,33.24154027718932,1785,194,56.4,45.0,"(1426.0 , 407.0)"
178.0,750,126,8.54400374531753,20.8806130178211,809,126,40.8,24.0,"(299.0 , 396.0)"
179.0,1270,154,16.76305461424021,24.758836806279895,1319,154,46.4,37.0,"(815.0 , 406.0)"
180.0,1315,192,8.602325267042627,32.01562118716424,1579,192,62.2,27.0,"(1151.0 , 406.0)"
181.0,618,106,10.63014581273465,16.1245154965971,637,106,30.0,28.0,"(441.0 , 404.0)"
182.0,1060,144,12.165525060596439,24.839484696748443,1131,144,46.1,35.0,"(617.0 , 419.0)"
183.0,1845,230,11.180339887498949,41.6293165929973,1988,230,81.0,29.0,"(1014.0 , 421.0)"
184.0,632,110,10.295630140987,17.69180601295413,654,110,31.4,27.0,"(356.0 , 414.0)"
185.0,4293,340,20.518284528683193,51.35172830587107,4770,324,99.7,64.0,"(112.0 , 434.0)"
186.0,1681,210,12.041594578792296,37.73592452822641,1811,210,74.0,34.0,"(872.0 , 431.0)"
187.0,2118,215,18.439088914585774,32.55764119219941,2231,216,62.6,47.0,"(1173.0 , 435.0)"
188.0,1753,194,18.027756377319946,29.154759474226502,1837,194,54.8,44.0,"(1663.0 , 438.0)"
189.0,1776,194,15.620499351813308,32.55764119219941,1863,194,60.4,41.0,"(485.0 , 444.0)"
190.0,1665,196,14.035668847618199,31.76476034853718,1826,194,61.8,41.0,"(705.0 , 440.0)"
191.0,1850,216,15.264337522473747,37.57658845611187,1979,216,68.1,37.0,"(654.0 , 453.0)"
192.0,1846,206,16.278820596099706,34.058772731852805,1990,202,66.5,40.0,"(1226.0 , 448.0)"
193.0,731,122,10.198039027185569,21.2602916254693,783,122,38.1,27.0,"(319.0 , 445.0)"
194.0,935,130,12.041594578792296,19.849433241279208,970,130,38.3,33.0,"(2041.0 , 447.0)"
195.0,1386,166,16.1245154965971,24.20743687382041,1426,166,47.7,39.0,"(1583.0 , 453.0)"
196.0,1544,174,17.08800749063506,27.65863337187866,1616,174,53.8,40.0,"(571.0 , 458.0)"
197.0,708,122,10.0,20.0,746,122,38.2,24.0,"(392.0 , 452.0)"
198.0,1042,144,11.045361017187261,24.596747752497688,1114,142,45.2,33.0,"(614.0 , 457.0)"
199.0,1794,246,9.848857801796104,43.01162633521314,2097,246,82.9,34.0,"(417.0 , 466.0)"
200.0,1748,204,13.416407864998739,36.235341863986875,1871,204,70.2,36.0,"(221.0 , 463.0)"
201.0,921,140,9.433981132056603,22.47220505424423,1009,140,42.8,35.0,"(998.0 , 461.0)"
202.0,1389,168,13.92838827718412,23.706539182259394,1491,168,44.8,44.0,"(784.0 , 464.0)"
203.0,757,122,10.295630140987,18.788294228055936,792,122,36.9,27.0,"(1983.0 , 459.0)"
204.0,1312,174,12.165525060596439,29.68164415931166,1398,174,57.3,33.0,"(945.0 , 469.0)"
205.0,1326,203,8.0,36.68787265568828,1575,206,71.2,24.0,"(1684.0 , 480.0)"
206.0,1509,174,16.0,28.653097563788805,1592,174,53.5,38.0,"(1294.0 , 472.0)"
207.0,1465,198,10.770329614269007,33.12099032335839,1740,198,58.9,41.0,"(289.0 , 486.0)"
208.0,1943,210,14.866068747318506,32.64965543462902,2105,210,65.2,42.0,"(1063.0 , 489.0)"
209.0,1051,162,8.54400374531753,27.586228448267445,1174,162,50.8,32.0,"(1717.0 , 488.0)"
210.0,1332,166,14.7648230602334,25.96150997149434,1407,166,48.7,37.0,"(1573.0 , 497.0)"
211.0,2424,220,22.80350850198276,33.94112549695428,2492,220,65.5,51.0,"(1788.0 , 510.0)"
212.0,1555,186,15.231546211727817,29.206163733020468,1676,186,55.5,38.0,"(2042.0 , 506.0)"
213.0,1857,220,12.36931687685298,38.07886552931954,2135,220,68.5,42.0,"(1365.0 , 509.0)"
214.0,1592,234,3.0,32.64965543462902,1935,196,64.5,34.0,"(238.0 , 515.0)"
215.0,1791,198,15.0,31.144823004794873,1887,198,61.6,39.0,"(696.0 , 513.0)"
216.0,906,130,13.416407864998739,20.248456731316587,944,130,37.7,32.0,"(995.0 , 503.0)"
217.0,2637,288,10.295630140987,46.57252408878007,3126,272,90.4,44.0,"(1246.0 , 533.0)"
218.0,1722,180,19.4164878389476,26.40075756488817,1774,180,51.0,45.0,"(172.0 , 512.0)"
219.0,1501,182,14.866068747318506,29.966648127543394,1551,182,59.5,34.0,"(597.0 , 508.0)"
220.0,1641,238,9.219544457292887,45.617978911828175,1935,238,85.6,29.0,"(918.0 , 523.0)"
221.0,1091,160,11.661903789690601,29.154759474226502,1124,160,56.4,28.0,"(417.0 , 507.0)"
222.0,2809,292,14.142135623730951,42.05948168962618,3456,284,80.4,58.0,"(1450.0 , 522.0)"
223.0,1307,168,13.038404810405298,28.42534080710379,1394,168,53.0,33.0,"(651.0 , 514.0)"
224.0,2333,318,4.47213595499958,48.79549159502341,3387,300,89.6,39.0,"(1631.0 , 525.0)"
225.0,1301,158,16.0,24.166091947189145,1346,158,47.0,38.0,"(1209.0 , 516.0)"
226.0,1579,182,15.811388300841896,26.92582403567252,1690,182,49.0,47.0,"(1159.0 , 520.0)"
227.0,1107,156,11.40175425099138,24.73863375370596,1172,156,47.4,30.0,"(1990.0 , 519.0)"
228.0,1862,204,14.866068747318506,34.713109915419565,1985,204,65.3,39.0,"(337.0 , 516.0)"
229.0,1397,170,15.297058540778355,24.839484696748443,1484,170,47.0,38.0,"(863.0 , 520.0)"
230.0,1116,148,14.317821063276353,24.20743687382041,1153,148,47.4,32.0,"(1533.0 , 517.0)"
231.0,1790,211,15.0,35.77708763999664,1961,212,65.5,41.0,"(1316.0 , 530.0)"
232.0,1700,210,13.152946437965905,36.069377593742864,1865,210,70.7,36.0,"(501.0 , 531.0)"
233.0,1574,190,14.317821063276353,29.410882339705484,1640,190,56.7,35.0,"(570.0 , 533.0)"
234.0,1646,182,15.0,30.364452901377952,1708,182,58.7,38.0,"(1715.0 , 538.0)"
235.0,3229,320,14.142135623730951,55.226805085936306,3838,320,101.2,46.0,"(1869.0 , 549.0)"
236.0,962,142,9.219544457292887,22.360679774997898,1035,142,44.4,28.0,"(1958.0 , 533.0)"
237.0,866,130,13.341664064126334,19.235384061671343,910,130,36.4,32.0,"(986.0 , 541.0)"
238.0,1041,142,14.422205101855956,23.430749027719962,1083,142,42.8,33.0,"(202.0 , 549.0)"
239.0,419,88,7.211102550927978,15.620499351813308,435,88,30.5,22.0,"(1478.0 , 543.0)"
240.0,1531,188,16.15549442140351,26.476404589747453,1680,188,49.6,44.0,"(629.0 , 556.0)"
241.0,1209,158,13.45362404707371,23.345235059857504,1286,158,44.3,39.0,"(726.0 , 555.0)"
242.0,1774,228,9.848857801796104,42.7551166528639,1977,228,83.0,29.0,"(329.0 , 576.0)"
243.0,2258,240,16.492422502470642,39.319206502675,2580,234,76.1,43.0,"(1655.0 , 576.0)"
244.0,963,134,15.231546211727817,19.209372712298546,991,134,37.0,35.0,"(680.0 , 562.0)"
245.0,2358,250,15.0,43.41658669218482,2619,250,84.2,40.0,"(1308.0 , 568.0)"
246.0,2345,238,18.24828759089466,41.78516483155236,2539,238,80.0,43.0,"(1436.0 , 574.0)"
247.0,4116,328,19.313207915827967,55.57877292636101,4604,324,105.6,60.0,"(1035.0 , 586.0)"
248.0,1740,210,15.297058540778355,36.796738985948195,1952,210,68.5,38.0,"(1768.0 , 583.0)"
249.0,2227,228,18.973665961010276,39.44616584663204,2369,228,68.2,51.0,"(497.0 , 599.0)"
250.0,2763,312,12.806248474865697,51.97114584074513,3185,308,103.4,38.0,"(842.0 , 603.0)"
251.0,1278,158,14.317821063276353,25.612496949731394,1357,158,48.3,37.0,"(1898.0 , 589.0)"
252.0,1798,214,15.0,35.4682957019364,1982,210,65.5,41.0,"(713.0 , 600.0)"
253.0,1074,150,13.038404810405298,21.02379604162864,1140,150,39.8,35.0,"(655.0 , 597.0)"
254.0,1450,184,9.219544457292887,29.698484809834994,1599,182,50.8,49.0,"(1329.0 , 601.0)"
255.0,1840,210,14.560219778561036,35.84689665786984,1985,210,71.1,36.0,"(1712.0 , 615.0)"
256.0,1286,172,12.806248474865697,27.586228448267445,1365,172,53.6,31.0,"(588.0 , 601.0)"
257.0,2246,266,6.0,43.829214001622255,2657,260,81.0,39.0,"(1145.0 , 618.0)"
258.0,1896,204,15.524174696260024,35.805027579936315,2053,202,71.4,42.0,"(1599.0 , 611.0)"
259.0,1457,178,13.038404810405298,31.304951684997057,1553,178,57.1,34.0,"(1383.0 , 604.0)"
260.0,1731,194,15.231546211727817,30.479501308256342,1848,194,60.4,38.0,"(1541.0 , 612.0)"
261.0,1833,250,12.0,46.8187996428785,2051,250,92.6,32.0,"(984.0 , 611.0)"
262.0,2228,248,15.0,37.73592452822641,2642,224,68.0,57.0,"(1230.0 , 626.0)"
263.0,1479,178,13.92838827718412,30.23243291566195,1576,178,56.3,35.0,"(1826.0 , 619.0)"
264.0,1760,194,16.0,32.449961479175904,1904,194,59.4,38.0,"(1285.0 , 626.0)"
265.0,2081,222,14.866068747318506,36.124783736376884,2226,222,66.6,42.0,"(1464.0 , 624.0)"
266.0,281,72,5.0,12.649110640673518,308,72,23.8,16.0,"(918.0 , 606.0)"
267.0,2536,238,18.384776310850235,36.796738985948195,2684,238,69.4,47.0,"(1779.0 , 636.0)"
268.0,1625,202,11.0,34.52535300326414,1808,198,65.5,33.0,"(1183.0 , 640.0)"
269.0,2463,278,16.278820596099706,44.598206241955516,2932,278,83.6,53.0,"(1087.0 , 641.0)"
270.0,923,146,9.055385138137417,27.51363298439521,970,146,54.1,21.0,"(1967.0 , 636.0)"
271.0,1728,186,18.027756377319946,27.51363298439521,1789,186,52.4,41.0,"(1912.0 , 632.0)"
272.0,1475,170,16.278820596099706,24.758836806279895,1530,170,49.0,37.0,"(415.0 , 630.0)"
273.0,1720,212,14.866068747318506,36.796738985948195,1892,212,70.0,39.0,"(584.0 , 647.0)"
274.0,1206,154,13.341664064126334,26.832815729997478,1251,154,50.6,31.0,"(59.0 , 644.0)"
275.0,1218,154,13.92838827718412,23.345235059857504,1263,154,46.3,34.0,"(798.0 , 644.0)"
276.0,2118,286,7.0,48.54894437575342,3151,280,84.2,46.0,"(1640.0 , 649.0)"
277.0,827,128,12.206555615733702,19.72308292331602,870,128,38.6,32.0,"(1999.0 , 641.0)"
278.0,1535,178,15.556349186104045,28.42534080710379,1592,178,53.4,38.0,"(852.0 , 650.0)"
279.0,1223,160,15.231546211727817,24.166091947189145,1292,160,45.2,36.0,"(672.0 , 645.0)"
280.0,857,128,12.36931687685298,21.02379604162864,881,128,39.0,30.0,"(151.0 , 643.0)"
281.0,1851,200,16.1245154965971,30.870698080866262,1968,200,57.1,45.0,"(1386.0 , 648.0)"
282.0,876,128,13.0,20.518284528683193,928,128,38.2,32.0,"(624.0 , 653.0)"
283.0,1171,150,14.317821063276353,24.698178070456937,1229,150,48.0,37.0,"(2054.0 , 663.0)"
284.0,1447,180,16.15549442140351,27.892651361962706,1525,180,55.1,35.0,"(1748.0 , 675.0)"
285.0,1643,203,12.0,33.24154027718932,1811,196,59.2,40.0,"(1130.0 , 672.0)"
286.0,1097,150,13.038404810405298,22.135943621178654,1147,150,43.5,35.0,"(1884.0 , 667.0)"
287.0,1354,174,12.727922061357855,29.274562336608895,1479,174,55.3,32.0,"(1684.0 , 669.0)"
288.0,1376,164,13.152946437965905,27.459060435491963,1435,164,48.1,36.0,"(1234.0 , 673.0)"
289.0,1978,202,19.209372712298546,29.5296461204668,2111,202,55.7,49.0,"(1333.0 , 683.0)"
290.0,1381,190,9.848857801796104,28.600699292150182,1649,190,55.6,36.0,"(1419.0 , 680.0)"
291.0,3192,344,5.0,49.73932046178355,4290,308,85.1,66.0,"(172.0 , 701.0)"
292.0,2011,210,18.0,31.04834939252005,2179,210,57.9,49.0,"(1588.0 , 687.0)"
293.0,1039,142,14.142135623730951,21.95449840010015,1091,142,43.4,33.0,"(1927.0 , 677.0)"
294.0,1121,164,10.816653826391969,25.80697580112788,1269,160,47.6,33.0,"(141.0 , 680.0)"
295.0,2148,218,18.0,35.11409973215888,2286,214,68.9,44.0,"(1023.0 , 700.0)"
296.0,1530,180,16.15549442140351,29.732137494637012,1608,180,57.5,36.0,"(719.0 , 691.0)"
297.0,1432,178,12.529964086141668,30.886890422961002,1493,178,58.0,33.0,"(908.0 , 690.0)"
298.0,1029,142,12.206555615733702,23.345235059857504,1079,142,44.6,31.0,"(1525.0 , 687.0)"
299.0,1810,222,12.36931687685298,38.27531841800928,2022,222,73.8,33.0,"(2005.0 , 689.0)"
300.0,973,167,8.0,29.546573405388315,1119,168,54.9,25.0,"(116.0 , 699.0)"
301.0,1512,186,13.0,31.04834939252005,1648,184,57.3,36.0,"(631.0 , 688.0)"
302.0,1420,182,13.0,29.154759474226502,1517,182,57.2,34.0,"(1467.0 , 692.0)"
303.0,1041,144,11.40175425099138,22.80350850198276,1083,144,44.8,30.0,"(1867.0 , 693.0)"
304.0,1193,160,10.63014581273465,23.706539182259394,1302,160,45.2,36.0,"(1708.0 , 703.0)"
305.0,2090,200,22.0,29.0,2198,200,56.6,54.0,"(1795.0 , 708.0)"
306.0,1728,198,16.278820596099706,31.240998703626616,1871,188,55.6,47.0,"(1965.0 , 711.0)"
307.0,1438,174,13.45362404707371,29.546573405388315,1520,174,57.3,32.0,"(397.0 , 708.0)"
308.0,893,134,11.661903789690601,20.615528128088304,952,134,40.2,28.0,"(1277.0 , 713.0)"
309.0,1665,178,18.0,25.632011235952593,1724,178,50.0,42.0,"(51.0 , 720.0)"
310.0,1087,156,11.313708498984761,26.40075756488817,1175,156,49.9,31.0,"(1234.0 , 714.0)"
311.0,1529,182,15.033296378372908,30.528675044947494,1622,182,59.5,35.0,"(290.0 , 726.0)"
312.0,1491,186,11.40175425099138,31.827660925679098,1584,186,61.4,34.0,"(1398.0 , 727.0)"
313.0,862,128,12.806248474865697,19.209372712298546,884,128,36.1,31.0,"(1631.0 , 716.0)"
314.0,1055,158,12.041594578792296,25.709920264364882,1149,158,50.6,28.0,"(1740.0 , 726.0)"
315.0,1004,148,13.038404810405298,23.769728648009426,1105,148,44.9,31.0,"(1671.0 , 725.0)"
316.0,1716,190,18.027756377319946,26.92582403567252,1865,190,52.4,46.0,"(2006.0 , 727.0)"
317.0,1242,166,10.198039027185569,26.419689627245813,1331,166,52.5,30.0,"(1093.0 , 725.0)"
318.0,1309,164,15.0,25.495097567963924,1399,164,49.6,36.0,"(649.0 , 732.0)"
319.0,1385,164,16.64331697709324,24.08318915758459,1442,164,45.8,42.0,"(1458.0 , 729.0)"
320.0,2443,310,8.06225774829855,48.54894437575342,3179,278,94.3,50.0,"(779.0 , 738.0)"
321.0,795,124,10.816653826391969,18.384776310850235,834,124,36.2,29.0,"(881.0 , 731.0)"
322.0,1264,156,14.866068747318506,25.0,1308,156,47.2,34.0,"(1184.0 , 736.0)"
323.0,1497,228,7.810249675906654,39.6232255123179,1676,228,75.7,30.0,"(452.0 , 750.0)"
324.0,1535,178,15.811388300841896,29.068883707497267,1605,178,55.9,37.0,"(584.0 , 744.0)"
325.0,1054,156,11.180339887498949,25.059928172283335,1118,156,49.1,29.0,"(917.0 , 743.0)"
326.0,1111,150,15.0,22.360679774997898,1170,150,41.6,35.0,"(1507.0 , 749.0)"
327.0,2388,246,15.132745950421556,38.91015291668744,2651,246,76.0,45.0,"(964.0 , 768.0)"
328.0,1211,180,9.433981132056603,26.832815729997478,1402,170,48.3,39.0,"(1705.0 , 756.0)"
329.0,1777,225,13.038404810405298,36.76955262170047,1952,226,71.7,35.0,"(1776.0 , 767.0)"
330.0,1126,160,7.810249675906654,26.076809620810597,1212,160,50.0,31.0,"(726.0 , 767.0)"
331.0,1798,198,15.0,34.40930106817051,1942,198,64.4,39.0,"(1097.0 , 766.0)"
332.0,918,132,12.529964086141668,21.540659228538015,953,132,40.9,29.0,"(1647.0 , 763.0)"
333.0,1942,222,10.198039027185569,38.3275357934736,2187,218,71.8,39.0,"(2001.0 , 766.0)"
334.0,1155,166,8.246211251235321,27.85677655436824,1288,166,51.5,34.0,"(1605.0 , 770.0)"
335.0,2032,214,16.64331697709324,36.89173349139343,2139,214,69.5,39.0,"(1281.0 , 781.0)"
336.0,1540,170,16.492422502470642,28.653097563788805,1577,170,54.4,38.0,"(56.0 , 770.0)"
337.0,964,138,12.041594578792296,24.20743687382041,998,138,46.6,30.0,"(1466.0 , 767.0)"
338.0,1461,198,9.433981132056603,35.73513677041127,1597,192,71.1,27.0,"(693.0 , 789.0)"
339.0,554,118,4.242640687119285,20.615528128088304,657,116,41.0,19.0,"(791.0 , 766.0)"
340.0,682,108,12.0,16.401219466856727,701,108,31.4,31.0,"(396.0 , 772.0)"
341.0,1742,184,17.88854381999832,30.23243291566195,1837,184,59.9,44.0,"(1840.0 , 785.0)"
342.0,922,130,12.36931687685298,19.849433241279208,956,130,37.6,34.0,"(482.0 , 777.0)"
343.0,1878,188,19.1049731745428,29.832867780352597,1942,188,57.3,45.0,"(1033.0 , 784.0)"
344.0,1143,154,13.601470508735444,23.345235059857504,1246,154,44.8,37.0,"(605.0 , 782.0)"
345.0,914,136,11.661903789690601,20.808652046684813,941,136,40.4,30.0,"(904.0 , 779.0)"
346.0,1378,180,12.0,31.304951684997057,1529,176,56.9,33.0,"(661.0 , 793.0)"
347.0,1056,150,11.180339887498949,27.018512172212592,1136,150,46.8,32.0,"(844.0 , 783.0)"
348.0,843,126,12.206555615733702,20.808652046684813,875,126,38.8,30.0,"(159.0 , 786.0)"
349.0,1111,154,12.529964086141668,23.345235059857504,1217,154,46.2,35.0,"(220.0 , 790.0)"
350.0,1616,178,16.278820596099706,26.832815729997478,1713,178,53.3,39.0,"(1546.0 , 789.0)"
351.0,1257,166,13.92838827718412,25.079872407968907,1383,166,47.4,39.0,"(1229.0 , 796.0)"
352.0,1019,142,13.601470508735444,20.808652046684813,1076,142,41.3,34.0,"(1435.0 , 794.0)"
353.0,1333,173,11.313708498984761,27.16615541441225,1459,174,51.8,36.0,"(1764.0 , 797.0)"
354.0,1578,182,12.529964086141668,30.870698080866262,1685,178,59.6,35.0,"(779.0 , 798.0)"
355.0,1349,164,13.92838827718412,28.460498941515414,1397,164,54.1,32.0,"(419.0 , 803.0)"
356.0,1432,186,13.416407864998739,32.449961479175904,1507,186,60.1,32.0,"(983.0 , 809.0)"
357.0,1792,186,20.615528128088304,25.80697580112788,1850,186,50.2,46.0,"(1624.0 , 812.0)"
358.0,1404,170,16.401219466856727,26.92582403567252,1481,170,50.2,40.0,"(311.0 , 815.0)"
359.0,989,142,12.041594578792296,24.839484696748443,1019,142,48.6,28.0,"(526.0 , 814.0)"
360.0,2364,312,10.63014581273465,55.44366510251645,2735,312,105.1,31.0,"(947.0 , 840.0)"
361.0,1051,152,10.295630140987,24.839484696748443,1143,152,44.7,33.0,"(1487.0 , 816.0)"
362.0,2152,248,12.041594578792296,42.95346318982906,2434,240,82.6,41.0,"(263.0 , 836.0)"
363.0,1317,164,14.7648230602334,28.653097563788805,1408,166,53.9,36.0,"(577.0 , 815.0)"
364.0,950,140,11.0,25.298221281347036,986,140,48.1,26.0,"(95.0 , 810.0)"
365.0,376,94,5.0,16.15549442140351,436,94,29.1,20.0,"(1676.0 , 812.0)"
366.0,2715,252,17.0,36.138621999185304,2980,242,69.6,56.0,"(1978.0 , 831.0)"
367.0,771,132,8.602325267042627,23.259406699226016,822,132,44.8,23.0,"(878.0 , 821.0)"
368.0,1291,160,16.0312195418814,23.430749027719962,1374,160,46.0,39.0,"(1162.0 , 836.0)"
369.0,968,144,10.770329614269007,24.413111231467404,1009,144,47.6,27.0,"(784.0 , 838.0)"
370.0,1337,166,15.297058540778355,23.853720883753127,1455,166,44.6,43.0,"(1884.0 , 842.0)"
371.0,808,136,10.04987562112089,23.53720459187964,890,136,43.7,26.0,"(127.0 , 835.0)"
372.0,1864,198,14.560219778561036,33.1058907144937,2012,198,65.4,40.0,"(1222.0 , 845.0)"
373.0,1735,194,17.08800749063506,29.832867780352597,1868,194,58.1,41.0,"(1795.0 , 852.0)"
374.0,1286,174,9.219544457292887,24.839484696748443,1484,164,48.4,38.0,"(1581.0 , 844.0)"
375.0,1432,180,13.0,25.942243542145693,1605,170,50.6,39.0,"(1022.0 , 850.0)"
376.0,2225,260,9.899494936611665,36.76955262170047,2528,234,71.2,52.0,"(1532.0 , 862.0)"
377.0,1271,174,10.816653826391969,27.294688127912362,1450,174,52.9,37.0,"(453.0 , 847.0)"
378.0,1953,240,12.165525060596439,46.2709412050371,2204,240,85.0,36.0,"(594.0 , 868.0)"
379.0,1023,144,13.892443989449804,23.600847442411894,1066,144,46.2,32.0,"(1473.0 , 849.0)"
380.0,1127,150,11.661903789690601,23.600847442411894,1213,150,44.7,38.0,"(1100.0 , 852.0)"
381.0,495,96,8.94427190999916,16.278820596099706,533,96,31.2,24.0,"(1714.0 , 845.0)"
382.0,911,130,12.0,21.095023109728988,950,130,42.1,30.0,"(645.0 , 848.0)"
383.0,1654,186,16.1245154965971,28.600699292150182,1750,186,55.2,40.0,"(719.0 , 864.0)"
384.0,2129,214,21.02379604162864,32.64965543462902,2238,214,60.2,48.0,"(1323.0 , 867.0)"
385.0,1334,166,15.620499351813308,23.323807579381203,1421,166,45.3,41.0,"(197.0 , 864.0)"
386.0,864,132,10.770329614269007,21.213203435596427,915,132,41.8,26.0,"(1622.0 , 856.0)"
387.0,1181,158,13.038404810405298,24.596747752497688,1252,158,45.5,37.0,"(1151.0 , 876.0)"
388.0,1853,282,8.48528137423857,46.861498055439924,2237,282,92.7,24.0,"(462.0 , 894.0)"
389.0,863,122,13.038404810405298,18.601075237738275,893,122,36.8,34.0,"(552.0 , 876.0)"
390.0,2295,280,12.206555615733702,51.19570294468082,2587,280,101.1,28.0,"(1177.0 , 916.0)"
391.0,905,136,11.0,22.80350850198276,976,136,43.9,26.0,"(1834.0 , 881.0)"
392.0,1991,222,14.866068747318506,37.64306044943742,2140,222,72.7,38.0,"(1575.0 , 901.0)"
393.0,799,130,6.708203932499369,19.209372712298546,901,130,36.8,31.0,"(331.0 , 888.0)"
394.0,543,100,8.06225774829855,16.278820596099706,589,100,31.8,24.0,"(2018.0 , 882.0)"
395.0,1066,144,12.0,24.351591323771842,1104,144,47.9,28.0,"(137.0 , 895.0)"
396.0,964,142,12.206555615733702,22.627416997969522,1026,142,42.4,31.0,"(1605.0 , 888.0)"
397.0,1145,152,11.313708498984761,26.076809620810597,1184,152,51.1,33.0,"(1637.0 , 898.0)"
398.0,1990,206,17.4928556845359,34.438350715445125,2095,204,63.0,48.0,"(1241.0 , 906.0)"
399.0,1338,162,13.341664064126334,25.612496949731394,1428,160,49.5,43.0,"(1087.0 , 900.0)"
400.0,695,112,11.180339887498949,19.849433241279208,718,112,36.1,27.0,"(38.0 , 899.0)"
401.0,722,116,11.180339887498949,17.804493814764857,750,116,35.5,28.0,"(1502.0 , 905.0)"
402.0,990,138,12.041594578792296,23.769728648009426,1037,138,45.2,28.0,"(402.0 , 913.0)"
403.0,1404,168,17.804493814764857,24.08318915758459,1473,168,46.2,40.0,"(1761.0 , 913.0)"
404.0,1256,154,15.297058540778355,26.248809496813376,1298,154,45.5,41.0,"(103.0 , 915.0)"
405.0,1158,168,11.704699910719626,29.732137494637012,1280,168,54.2,33.0,"(988.0 , 913.0)"
406.0,1366,200,7.615773105863909,34.20526275297414,1551,200,63.5,31.0,"(807.0 , 927.0)"
407.0,1478,188,11.045361017187261,32.01562118716424,1600,188,63.2,31.0,"(1137.0 , 928.0)"
408.0,678,118,8.48528137423857,18.027756377319946,741,118,36.1,23.0,"(1867.0 , 909.0)"
409.0,1427,172,16.401219466856727,26.1725046566048,1492,172,49.3,39.0,"(1930.0 , 927.0)"
410.0,2204,230,16.1245154965971,36.68787265568828,2406,230,71.2,43.0,"(1319.0 , 929.0)"
411.0,1139,154,12.041594578792296,23.430749027719962,1220,154,41.9,38.0,"(521.0 , 925.0)"
412.0,1083,150,12.206555615733702,24.08318915758459,1128,150,47.4,30.0,"(1693.0 , 928.0)"
413.0,1493,200,9.486832980505138,30.479501308256342,1803,196,56.0,39.0,"(475.0 , 941.0)"
414.0,1556,174,17.88854381999832,26.627053911388696,1632,174,50.0,42.0,"(576.0 , 941.0)"
415.0,2801,302,18.110770276274835,48.05205510693585,3356,282,92.3,49.0,"(975.0 , 953.0)"
416.0,1767,204,13.45362404707371,33.12099032335839,1885,204,63.5,39.0,"(1061.0 , 954.0)"
417.0,1795,198,14.866068747318506,31.400636936215164,2019,198,57.7,46.0,"(70.0 , 957.0)"
418.0,813,134,8.0,25.632011235952593,854,134,49.6,21.0,"(2006.0 , 946.0)"
419.0,1455,180,10.770329614269007,27.784887978899608,1634,176,54.2,39.0,"(1236.0 , 956.0)"
420.0,1382,162,16.0312195418814,25.079872407968907,1454,160,49.2,40.0,"(1424.0 , 959.0)"
421.0,1822,200,17.11724276862369,31.622776601683793,1974,200,60.2,43.0,"(1480.0 , 966.0)"
422.0,1730,240,4.0,40.80441152620633,2212,218,75.0,38.0,"(1519.0 , 973.0)"
423.0,2631,278,15.811388300841896,44.721359549995796,3108,278,85.7,46.0,"(1369.0 , 982.0)"
424.0,1934,206,15.811388300841896,33.28663395418648,2114,206,64.0,40.0,"(1635.0 , 967.0)"
425.0,1269,158,15.556349186104045,24.166091947189145,1344,158,45.7,37.0,"(1853.0 , 966.0)"
426.0,1209,170,14.142135623730951,23.08679276123039,1327,170,43.9,40.0,"(435.0 , 970.0)"
427.0,1351,180,11.661903789690601,31.38470965295043,1435,180,60.0,32.0,"(645.0 , 972.0)"
428.0,890,148,9.433981132056603,23.430749027719962,993,148,45.2,29.0,"(611.0 , 972.0)"
429.0,1291,184,8.94427190999916,31.144823004794873,1506,184,59.0,32.0,"(842.0 , 984.0)"
430.0,891,126,14.0,21.095023109728988,923,126,37.6,32.0,"(1972.0 , 981.0)"
431.0,1352,170,15.556349186104045,25.495097567963924,1414,170,50.7,37.0,"(1753.0 , 985.0)"
432.0,787,132,10.0,20.12461179749811,849,132,38.9,29.0,"(458.0 , 990.0)"
433.0,2121,220,16.0,36.87817782917155,2301,218,73.1,41.0,"(118.0 , 1009.0)"
434.0,1232,156,15.231546211727817,22.47220505424423,1309,156,43.4,39.0,"(739.0 , 993.0)"
435.0,1037,146,12.529964086141668,24.698178070456937,1066,146,45.4,29.0,"(1301.0 , 988.0)"
436.0,851,122,13.0,20.0,876,122,38.3,31.0,"(2022.0 , 993.0)"
437.0,1651,204,14.866068747318506,30.463092423455635,1744,204,59.5,36.0,"(635.0 , 1005.0)"
438.0,1552,178,18.384776310850235,26.92582403567252,1630,178,51.0,40.0,"(159.0 , 1003.0)"
439.0,950,142,8.48528137423857,22.825424421026653,1036,142,44.3,28.0,"(806.0 , 1004.0)"
440.0,994,146,10.295630140987,25.0,1077,146,49.5,30.0,"(963.0 , 1006.0)"
441.0,1153,158,14.7648230602334,23.345235059857504,1235,158,42.7,37.0,"(1241.0 , 1008.0)"
442.0,1996,222,19.026297590440446,34.438350715445125,2202,222,62.6,50.0,"(1562.0 , 1013.0)"
443.0,2483,280,16.64331697709324,44.294469180700204,3097,260,80.6,55.0,"(1504.0 , 1027.0)"
444.0,1593,200,14.560219778561036,33.28663395418648,1772,200,60.9,37.0,"(1814.0 , 1016.0)"
445.0,867,130,11.180339887498949,23.021728866442675,902,130,41.6,28.0,"(2059.0 , 1013.0)"
446.0,2380,234,17.46424919657298,37.8021163428716,2477,234,74.9,41.0,"(69.0 , 1029.0)"
447.0,1033,154,9.848857801796104,26.248809496813376,1105,154,51.6,27.0,"(1208.0 , 1021.0)"
448.0,1646,210,11.40175425099138,36.235341863986875,1771,210,71.8,34.0,"(1611.0 , 1028.0)"
449.0,2213,208,22.090722034374522,31.78049716414141,2354,206,60.5,55.0,"(1327.0 , 1032.0)"
450.0,1507,170,18.681541692269406,24.698178070456937,1569,170,48.1,42.0,"(1034.0 , 1030.0)"
451.0,2271,242,11.661903789690601,38.27531841800928,2660,242,71.7,46.0,"(1144.0 , 1034.0)"
452.0,2493,232,18.867962264113206,36.71511950137164,2637,232,69.4,54.0,"(1271.0 , 1040.0)"
453.0,949,156,9.848857801796104,27.202941017470888,1063,156,51.5,27.0,"(1692.0 , 1034.0)"
454.0,1366,183,10.0,29.732137494637012,1534,182,58.1,34.0,"(879.0 , 1047.0)"
455.0,549,100,9.486832980505138,16.64331697709324,575,100,31.6,23.0,"(619.0 , 1040.0)"
456.0,2353,234,18.439088914585774,39.59797974644666,2622,234,74.5,51.0,"(1099.0 , 1057.0)"
457.0,1577,188,13.892443989449804,31.304951684997057,1675,188,60.4,32.0,"(1965.0 , 1050.0)"
458.0,1064,148,12.083045973594572,25.612496949731394,1130,148,46.6,32.0,"(984.0 , 1048.0)"
459.0,653,108,12.0,15.652475842498529,658,108,30.1,28.0,"(1380.0 , 1046.0)"
460.0,754,124,11.40175425099138,19.6468827043885,783,124,37.7,26.0,"(593.0 , 1053.0)"
461.0,887,140,9.899494936611665,23.259406699226016,961,140,46.1,29.0,"(764.0 , 1050.0)"
462.0,2580,260,18.439088914585774,40.52159917870962,2927,258,81.0,54.0,"(836.0 , 1061.0)"
463.0,1565,220,9.899494936611665,39.824615503479755,1725,220,74.1,29.0,"(1813.0 , 1062.0)"
464.0,724,116,11.661903789690601,17.88854381999832,759,116,34.9,28.0,"(919.0 , 1059.0)"
465.0,841,124,13.416407864998739,19.209372712298546,866,124,37.7,31.0,"(519.0 , 1059.0)"
466.0,669,110,12.041594578792296,16.64331697709324,687,110,30.8,29.0,"(562.0 , 1062.0)"
467.0,2918,278,10.0,41.593268686170845,3411,266,81.8,48.0,"(1512.0 , 1085.0)"
468.0,1290,182,13.416407864998739,28.635642126552707,1370,182,50.8,40.0,"(792.0 , 1072.0)"
469.0,2099,226,15.0,39.293765408777,2227,226,76.2,36.0,"(643.0 , 1086.0)"
470.0,1277,160,15.264337522473747,24.20743687382041,1375,160,46.2,39.0,"(1205.0 , 1074.0)"
471.0,1430,176,14.0,29.832867780352597,1506,176,59.5,32.0,"(1714.0 , 1075.0)"
472.0,1533,188,13.892443989449804,31.064449134018133,1703,188,57.7,36.0,"(1837.0 , 1090.0)"
473.0,2171,248,8.06225774829855,33.83784863137726,2450,220,66.8,48.0,"(1368.0 , 1087.0)"
474.0,1595,190,15.132745950421556,34.20526275297414,1704,190,65.3,38.0,"(1564.0 , 1094.0)"
475.0,1275,154,17.0,24.186773244895647,1335,154,46.4,40.0,"(1610.0 , 1090.0)"
476.0,1129,152,12.806248474865697,23.345235059857504,1208,152,45.9,32.0,"(1049.0 , 1093.0)"
477.0,1521,194,13.038404810405298,32.2490309931942,1677,194,62.6,34.0,"(255.0 , 1102.0)"
478.0,1836,226,13.0,37.57658845611187,2017,226,73.5,34.0,"(972.0 , 1094.0)"
479.0,1158,164,12.041594578792296,28.42534080710379,1249,164,56.4,30.0,"(1269.0 , 1093.0)"
480.0,681,116,10.295630140987,18.35755975068582,711,116,33.6,28.0,"(918.0 , 1094.0)"
481.0,1544,174,15.524174696260024,26.92582403567252,1633,174,52.4,44.0,"(1147.0 , 1100.0)"
482.0,1682,190,16.76305461424021,27.018512172212592,1790,190,53.5,47.0,"(1662.0 , 1106.0)"
483.0,1462,178,14.422205101855956,30.364452901377952,1511,178,59.8,32.0,"(708.0 , 1098.0)"
484.0,1597,194,11.661903789690601,32.449961479175904,1716,194,59.9,33.0,"(871.0 , 1102.0)"
485.0,1672,178,17.0,30.23243291566195,1753,178,58.0,43.0,"(1090.0 , 1109.0)"
486.0,2806,248,19.235384061671343,36.124783736376884,3063,244,68.8,55.0,"(1452.0 , 1122.0)"
487.0,1095,154,12.041594578792296,26.40075756488817,1148,154,51.5,30.0,"(1901.0 , 1113.0)"
488.0,720,118,10.0,19.6468827043885,742,118,38.6,23.0,"(2024.0 , 1113.0)"
489.0,970,145,11.0,22.47220505424423,1049,142,42.0,29.0,"(911.0 , 1123.0)"
490.0,1193,148,15.652475842498529,22.360679774997898,1229,148,44.3,36.0,"(1198.0 , 1130.0)"
491.0,975,138,13.0,21.470910553583888,1031,138,40.2,32.0,"(207.0 , 1134.0)"
492.0,1513,184,14.866068747318506,28.861739379323623,1623,184,56.0,36.0,"(421.0 , 1141.0)"
493.0,1204,164,13.601470508735444,27.313000567495326,1273,164,50.5,33.0,"(1250.0 , 1132.0)"
494.0,2099,232,19.235384061671343,31.78049716414141,2338,232,62.0,50.0,"(1366.0 , 1143.0)"
495.0,828,131,11.0,20.12461179749811,903,132,38.1,34.0,"(1503.0 , 1137.0)"
496.0,1403,166,15.652475842498529,25.709920264364882,1456,166,49.5,36.0,"(1558.0 , 1137.0)"
497.0,1831,192,19.235384061671343,29.427877939124322,1892,192,56.1,42.0,"(1826.0 , 1141.0)"
498.0,1943,238,12.165525060596439,40.0,2116,238,79.6,31.0,"(972.0 , 1155.0)"
499.0,2668,238,19.924858845171276,37.53664875824692,2838,238,67.7,56.0,"(1636.0 , 1154.0)"
500.0,2001,220,14.866068747318506,33.37663853655727,2218,220,62.4,46.0,"(1027.0 , 1153.0)"
501.0,1260,156,14.866068747318506,23.430749027719962,1336,156,43.9,39.0,"(784.0 , 1146.0)"
502.0,1950,224,15.811388300841896,38.8329756778952,2184,224,72.4,41.0,"(1152.0 , 1150.0)"
503.0,1395,194,11.0,35.90264614203248,1526,192,69.4,28.0,"(2033.0 , 1145.0)"
504.0,1069,160,8.602325267042627,24.413111231467404,1216,160,47.4,32.0,"(1730.0 , 1154.0)"
505.0,1035,148,12.083045973594572,23.021728866442675,1095,148,42.0,37.0,"(905.0 , 1151.0)"
506.0,997,150,10.0,23.08679276123039,1131,148,45.1,28.0,"(1102.0 , 1159.0)"
507.0,1502,170,16.0312195418814,26.248809496813376,1541,170,51.0,37.0,"(562.0 , 1162.0)"
508.0,1354,188,12.36931687685298,31.304951684997057,1573,188,59.1,37.0,"(1058.0 , 1176.0)"
509.0,1236,180,10.63014581273465,28.30194339616981,1353,180,54.5,29.0,"(1485.0 , 1172.0)"
510.0,1952,210,15.0,33.54101966249684,2118,210,65.1,42.0,"(110.0 , 1172.0)"
511.0,1416,176,13.601470508735444,32.01562118716424,1494,176,58.5,33.0,"(719.0 , 1171.0)"
512.0,1050,144,12.806248474865697,21.400934559032695,1095,144,40.5,32.0,"(236.0 , 1173.0)"
513.0,1431,184,13.0,32.449961479175904,1524,182,62.2,31.0,"(875.0 , 1183.0)"
514.0,1972,204,13.416407864998739,32.89376840679705,2179,204,61.3,48.0,"(1282.0 , 1176.0)"
515.0,1202,152,16.401219466856727,21.470910553583888,1241,152,42.0,36.0,"(1894.0 , 1173.0)"
516.0,1075,154,13.341664064126334,27.65863337187866,1148,154,51.3,32.0,"(180.0 , 1172.0)"
517.0,1348,158,17.0,23.769728648009426,1376,158,45.2,37.0,"(506.0 , 1178.0)"
518.0,2712,254,18.027756377319946,40.311288741492746,3008,252,72.9,59.0,"(1377.0 , 1189.0)"
519.0,2119,280,9.219544457292887,47.20169488482379,2615,270,92.1,38.0,"(1503.0 , 1202.0)"
520.0,2046,204,17.88854381999832,32.7566787083184,2111,204,61.8,45.0,"(1585.0 , 1188.0)"
521.0,1530,180,16.401219466856727,26.419689627245813,1662,180,48.5,42.0,"(936.0 , 1189.0)"
522.0,1904,262,2.0,47.43416490252569,2244,242,87.4,34.0,"(1169.0 , 1182.0)"
523.0,2019,246,11.661903789690601,45.617978911828175,2270,246,88.1,34.0,"(679.0 , 1196.0)"
524.0,2381,212,23.769728648009426,30.805843601498726,2438,212,59.0,56.0,"(2049.0 , 1199.0)"
525.0,1062,154,11.661903789690601,23.323807579381203,1172,154,45.3,31.0,"(330.0 , 1196.0)"
526.0,1364,228,8.246211251235321,38.07886552931954,1758,220,76.0,28.0,"(1554.0 , 1212.0)"
527.0,2369,272,13.0,47.50789408087881,2686,272,92.1,37.0,"(1763.0 , 1218.0)"
528.0,917,130,13.341664064126334,20.12461179749811,955,130,38.0,30.0,"(1971.0 , 1196.0)"
529.0,1952,236,13.601470508735444,37.16180835212409,2290,236,71.8,36.0,"(1668.0 , 1223.0)"
530.0,1557,182,15.811388300841896,26.68332812825267,1657,182,51.2,40.0,"(112.0 , 1212.0)"
531.0,1945,208,13.45362404707371,31.622776601683793,2112,208,60.5,46.0,"(1449.0 , 1223.0)"
532.0,1121,148,14.7648230602334,24.186773244895647,1187,148,44.4,35.0,"(834.0 , 1214.0)"
533.0,2489,300,10.0,49.24428900898052,3489,284,87.3,44.0,"(1408.0 , 1248.0)"
534.0,1561,172,18.24828759089466,25.632011235952593,1623,172,50.2,42.0,"(1092.0 , 1223.0)"
535.0,1320,154,17.804493814764857,25.495097567963924,1355,154,45.3,42.0,"(1867.0 , 1223.0)"
536.0,1395,200,10.44030650891055,40.26164427839479,1464,200,77.8,24.0,"(991.0 , 1242.0)"
537.0,2776,266,16.55294535724685,43.41658669218482,3019,264,86.0,42.0,"(1347.0 , 1249.0)"
538.0,877,132,11.40175425099138,20.518284528683193,921,132,40.4,29.0,"(190.0 , 1226.0)"
539.0,804,118,10.816653826391969,19.1049731745428,836,118,37.2,33.0,"(880.0 , 1225.0)"
540.0,1194,154,14.866068747318506,23.769728648009426,1248,154,46.2,35.0,"(1030.0 , 1233.0)"
541.0,2585,228,23.0,35.84689665786984,2696,228,69.9,52.0,"(1181.0 , 1250.0)"
542.0,1814,200,16.492422502470642,32.89376840679705,1924,200,63.2,37.0,"(1620.0 , 1251.0)"
543.0,1201,156,13.92838827718412,24.698178070456937,1290,156,44.7,42.0,"(1930.0 , 1243.0)"
544.0,2168,248,12.083045973594572,43.60045871318328,2498,248,81.5,34.0,"(922.0 , 1263.0)"
545.0,1823,200,13.152946437965905,30.886890422961002,1998,200,60.4,40.0,"(574.0 , 1253.0)"
546.0,897,160,9.219544457292887,29.206163733020468,993,160,55.2,23.0,"(1819.0 , 1258.0)"
547.0,1595,208,14.866068747318506,34.52535300326414,1800,200,66.1,33.0,"(689.0 , 1253.0)"
548.0,1112,164,11.180339887498949,24.515301344262525,1251,164,46.7,36.0,"(1526.0 , 1256.0)"
549.0,1636,182,15.811388300841896,29.966648127543394,1684,182,55.9,40.0,"(1998.0 , 1265.0)"
550.0,1646,204,12.529964086141668,34.655446902326915,1770,204,67.1,34.0,"(139.0 , 1261.0)"
551.0,617,118,7.0710678118654755,20.615528128088304,680,118,40.3,23.0,"(1486.0 , 1261.0)"
552.0,2229,212,21.93171219946131,30.463092423455635,2297,212,60.8,48.0,"(443.0 , 1269.0)"
553.0,1127,152,10.198039027185569,26.0,1200,152,51.7,25.0,"(955.0 , 1272.0)"
554.0,978,144,11.40175425099138,23.853720883753127,1015,144,47.2,28.0,"(1867.0 , 1265.0)"
555.0,2329,238,19.0,41.036569057366385,2590,236,75.7,47.0,"(1291.0 , 1286.0)"
556.0,979,146,10.770329614269007,20.615528128088304,1109,146,40.5,38.0,"(860.0 , 1274.0)"
557.0,2429,232,20.8806130178211,31.906112267087632,2566,232,62.6,52.0,"(1688.0 , 1286.0)"
558.0,1300,168,12.36931687685298,30.083217912982647,1379,168,58.5,28.0,"(1070.0 , 1274.0)"
559.0,1719,214,14.142135623730951,38.58756276314948,1819,214,76.1,33.0,"(340.0 , 1281.0)"
560.0,1287,166,11.180339887498949,26.30589287593181,1376,166,50.6,33.0,"(1009.0 , 1290.0)"
561.0,1865,204,16.278820596099706,32.64965543462902,2041,204,61.4,40.0,"(485.0 , 1298.0)"
562.0,1341,183,13.601470508735444,30.479501308256342,1513,184,56.4,36.0,"(818.0 , 1293.0)"
563.0,1879,212,14.0,36.24913792078372,2096,210,66.1,46.0,"(531.0 , 1309.0)"
564.0,2174,238,17.0,40.0,2405,238,73.2,44.0,"(691.0 , 1306.0)"
565.0,249,78,3.1622776601683795,14.212670403551895,280,78,27.7,11.0,"(1458.0 , 1292.0)"
566.0,846,130,11.40175425099138,22.02271554554524,888,130,43.4,28.0,"(1813.0 , 1301.0)"
567.0,1275,170,11.661903789690601,30.805843601498726,1379,170,57.7,33.0,"(1940.0 , 1310.0)"
568.0,1537,184,16.278820596099706,28.284271247461902,1632,184,54.5,38.0,"(590.0 , 1307.0)"
569.0,1681,214,8.602325267042627,34.828149534535996,1998,214,66.6,35.0,"(825.0 , 1318.0)"
570.0,790,124,9.848857801796104,19.849433241279208,835,124,38.9,29.0,"(1904.0 , 1306.0)"
571.0,1000,140,13.038404810405298,24.08318915758459,1040,140,46.0,30.0,"(1866.0 , 1310.0)"
572.0,1827,206,14.866068747318506,33.015148038438355,1971,206,63.2,41.0,"(1530.0 , 1323.0)"
573.0,1026,142,12.041594578792296,21.02379604162864,1105,142,40.7,34.0,"(1976.0 , 1322.0)"
574.0,2071,276,12.083045973594572,50.21951811795888,2318,276,97.7,31.0,"(1757.0 , 1334.0)"
575.0,874,134,10.0,24.515301344262525,907,134,46.9,22.0,"(1644.0 , 1320.0)"
576.0,2907,368,17.029386365926403,67.11929677819934,3626,348,132.1,42.0,"(1236.0 , 1340.0)"
577.0,1553,170,16.64331697709324,27.65863337187866,1611,170,54.7,41.0,"(327.0 , 1339.0)"
578.0,925,134,12.206555615733702,21.213203435596427,954,134,40.5,29.0,"(745.0 , 1335.0)"
579.0,1940,198,17.69180601295413,30.01666203960727,2015,198,55.4,47.0,"(404.0 , 1348.0)"
580.0,1313,192,11.704699910719626,29.732137494637012,1479,192,57.0,32.0,"(458.0 , 1344.0)"
581.0,1256,166,14.0,27.51363298439521,1343,166,52.4,32.0,"(651.0 , 1349.0)"
582.0,1807,218,13.0,39.20459156782532,1949,216,77.9,32.0,"(1358.0 , 1366.0)"
583.0,1322,186,12.041594578792296,31.144823004794873,1418,186,61.8,30.0,"(596.0 , 1360.0)"
584.0,1172,154,13.0,27.294688127912362,1236,154,52.8,30.0,"(1911.0 , 1350.0)"
585.0,1124,148,12.041594578792296,25.0,1172,148,48.1,29.0,"(1620.0 , 1353.0)"
586.0,1282,174,8.94427190999916,31.38470965295043,1354,174,60.7,25.0,"(546.0 , 1356.0)"
587.0,1477,178,14.7648230602334,29.068883707497267,1534,178,53.0,39.0,"(874.0 , 1370.0)"
588.0,1287,180,10.04987562112089,30.805843601498726,1431,180,60.5,31.0,"(1185.0 , 1373.0)"
589.0,2603,266,13.92838827718412,47.01063709417264,2789,266,91.2,42.0,"(1439.0 , 1375.0)"
590.0,1418,172,15.811388300841896,29.732137494637012,1483,172,55.9,37.0,"(186.0 , 1371.0)"
591.0,1631,194,10.63014581273465,31.11269837220809,1732,194,59.5,38.0,"(694.0 , 1386.0)"
592.0,1930,204,18.0,32.01562118716424,2125,204,61.1,53.0,"(816.0 , 1385.0)"
593.0,2129,210,19.79898987322333,30.4138126514911,2206,210,59.1,47.0,"(1822.0 , 1389.0)"
594.0,1016,150,9.0,25.495097567963924,1115,150,46.7,33.0,"(103.0 , 1379.0)"
595.0,1881,200,17.88854381999832,30.4138126514911,2012,200,57.3,48.0,"(443.0 , 1393.0)"
596.0,1390,176,12.529964086141668,29.068883707497267,1529,174,52.2,40.0,"(1263.0 , 1392.0)"
597.0,1448,170,16.15549442140351,28.635642126552707,1497,170,52.2,35.0,"(302.0 , 1397.0)"
598.0,1342,174,12.0,26.92582403567252,1521,174,49.4,40.0,"(620.0 , 1401.0)"
599.0,1780,196,14.866068747318506,29.206163733020468,1909,196,56.9,40.0,"(1078.0 , 1404.0)"
600.0,2313,210,22.360679774997898,30.083217912982647,2395,210,58.8,53.0,"(1897.0 , 1408.0)"
601.0,1294,166,13.416407864998739,26.40075756488817,1346,166,51.5,34.0,"(1967.0 , 1413.0)"
602.0,1263,164,14.035668847618199,26.627053911388696,1359,164,51.9,36.0,"(522.0 , 1412.0)"
603.0,1259,164,12.649110640673518,29.546573405388315,1334,164,54.6,29.0,"(251.0 , 1409.0)"
604.0,895,136,12.529964086141668,20.808652046684813,988,136,38.5,33.0,"(1564.0 , 1410.0)"
605.0,2564,254,19.72308292331602,38.3275357934736,2801,254,71.4,55.0,"(195.0 , 1431.0)"
606.0,1552,178,17.69180601295413,28.600699292150182,1671,178,53.2,42.0,"(1422.0 , 1428.0)"
607.0,1036,146,12.041594578792296,22.80350850198276,1092,146,42.0,31.0,"(1384.0 , 1427.0)"
608.0,1072,150,11.40175425099138,25.942243542145693,1134,150,48.3,31.0,"(487.0 , 1431.0)"
609.0,1416,180,11.0,28.861739379323623,1573,170,56.0,33.0,"(726.0 , 1440.0)"
610.0,958,136,12.649110640673518,22.135943621178654,1004,136,43.1,28.0,"(1298.0 , 1431.0)"
611.0,834,124,13.341664064126334,18.35755975068582,865,124,35.4,31.0,"(2054.0 , 1433.0)"
612.0,913,142,11.313708498984761,24.186773244895647,950,142,48.0,27.0,"(643.0 , 1436.0)"
613.0,917,144,9.899494936611665,23.430749027719962,1017,144,44.4,27.0,"(452.0 , 1441.0)"
614.0,1799,190,18.35755975068582,30.01666203960727,1863,190,56.4,42.0,"(1764.0 , 1450.0)"
615.0,2394,262,13.038404810405298,41.773197148410844,2816,262,80.1,43.0,"(858.0 , 1449.0)"
616.0,2086,248,12.083045973594572,41.340053217188775,2346,248,81.6,36.0,"(766.0 , 1463.0)"
617.0,906,130,13.601470508735444,18.788294228055936,931,130,36.7,31.0,"(287.0 , 1444.0)"
618.0,1734,212,13.416407864998739,37.21558813185679,1853,212,73.8,35.0,"(975.0 , 1453.0)"
619.0,1195,158,10.44030650891055,27.730849247724095,1241,158,54.8,28.0,"(1852.0 , 1446.0)"
620.0,2585,254,19.1049731745428,37.57658845611187,2858,254,70.2,59.0,"(116.0 , 1459.0)"
621.0,1460,210,10.770329614269007,37.33630940518894,1584,210,74.2,29.0,"(539.0 , 1467.0)"
622.0,745,116,11.0,18.788294228055936,763,116,36.4,26.0,"(579.0 , 1457.0)"
623.0,1030,140,15.231546211727817,19.924858845171276,1088,140,39.0,36.0,"(681.0 , 1458.0)"
624.0,994,140,13.152946437965905,21.2602916254693,1042,140,40.8,32.0,"(412.0 , 1462.0)"
625.0,1138,148,12.206555615733702,25.059928172283335,1189,148,48.0,34.0,"(1491.0 , 1460.0)"
626.0,1431,176,13.038404810405298,27.018512172212592,1530,176,51.1,36.0,"(1419.0 , 1470.0)"
627.0,1330,162,13.92838827718412,27.65863337187866,1386,162,50.6,37.0,"(45.0 , 1473.0)"
628.0,843,126,11.313708498984761,20.615528128088304,880,126,40.4,30.0,"(1291.0 , 1470.0)"
629.0,2921,272,18.867962264113206,41.23105625617661,3371,270,80.4,61.0,"(1936.0 , 1489.0)"
630.0,1520,176,14.422205101855956,26.248809496813376,1629,176,51.6,39.0,"(1610.0 , 1481.0)"
631.0,1016,144,12.529964086141668,21.93171219946131,1076,144,41.0,34.0,"(470.0 , 1483.0)"
632.0,723,114,12.727922061357855,16.278820596099706,746,114,31.9,31.0,"(1254.0 , 1480.0)"
633.0,1562,176,17.46424919657298,26.476404589747453,1646,176,51.0,40.0,"(350.0 , 1487.0)"
634.0,1278,180,10.44030650891055,28.653097563788805,1466,180,55.0,32.0,"(1399.0 , 1496.0)"
635.0,1629,200,15.0,30.805843601498726,1856,200,57.3,41.0,"(172.0 , 1494.0)"
636.0,2084,206,16.64331697709324,31.064449134018133,2194,206,58.8,49.0,"(1034.0 , 1507.0)"
637.0,1573,176,18.35755975068582,27.202941017470888,1658,176,48.8,49.0,"(1083.0 , 1504.0)"
638.0,2136,220,17.46424919657298,35.510561809129406,2305,220,65.8,43.0,"(1829.0 , 1505.0)"
639.0,998,132,15.0,21.213203435596427,1021,132,41.2,35.0,"(428.0 , 1504.0)"
640.0,1088,148,12.806248474865697,22.67156809750927,1133,148,41.2,36.0,"(582.0 , 1507.0)"
641.0,1693,216,13.0,33.83784863137726,2033,216,60.7,43.0,"(385.0 , 1519.0)"
642.0,1304,170,14.0,26.419689627245813,1402,170,51.9,33.0,"(836.0 , 1510.0)"
643.0,1074,146,13.416407864998739,23.430749027719962,1109,146,46.8,30.0,"(499.0 , 1514.0)"
644.0,1257,174,14.7648230602334,27.018512172212592,1433,172,53.8,35.0,"(1690.0 , 1517.0)"
645.0,1277,154,16.15549442140351,24.186773244895647,1331,154,45.2,36.0,"(1289.0 , 1518.0)"
646.0,1062,144,13.416407864998739,22.47220505424423,1118,144,42.7,33.0,"(144.0 , 1519.0)"
647.0,1075,138,14.866068747318506,22.20360331117452,1119,138,41.4,37.0,"(1468.0 , 1522.0)"
